cell	spliced_umi	cycle_s	cycle_g2m	h	h_sd_boot	theta	pheno	pheno_nocycle	h_nocycle	p_persist	p_partial	p_reverted	xi	xi_sd	p_away	p_toward	p_none	state	boot_p_persist
GTCTGGGTCTAGTGCA-E14S	21402.0	-0.18870224716580192	-0.20167390334125332	3.3864187323860957	0.5742293093428886	0.011907883276206711	persistent	persistent	3.1915835059590916	0.9995539915398344	0.00040825828233568054	3.77501778300441e-05	0.5856201044328055	0.17523104367813294	0.6070686497755702	0.014456922160138498	0.37847442806429127	persistent_exiting	1.0
ATCACTTCAAACCCGA-E14S	13700.0	0.36766188307797454	0.2798443287136693	-0.959560043349913	0.13387988774009532	0.9783110169771121	reverted	reverted	-0.9472880585084307	0.015220787896999337	0.3186343663554397	0.6661448457475609	0.458414033389681	0.3769300622978146	0.377137047648937	0.02483140163286445	0.5980315507181986	reverted	0.0
CCCTTTAGTCTGGTCA-E14S	18289.0	-0.029237556118336505	0.07098978632696967	-0.0011468393562789614	0.22657816216754184	0.8802290834234376	reverted	reverted	-0.02558214211495462	0.044680852246503366	0.46240601335759773	0.49291313439589896	0.5790979503731323	0.27916893038117174	0.5129699501806588	0.01698305511278906	0.47004699470655215	reverted	0.0
TCACGCCTCTAAGTCG-E14S	26325.0	0.22790687690197986	0.09026950033340359	-0.25303754422854324	0.10386457603800844	0.9221173080136521	reverted	reverted	-0.2742115638712455	0.031195046740672614	0.4261475854721876	0.5426573677871398	-1.2895049381271728	0.9233435853547908	0.1517005766624218	0.2019329360600625	0.6463664872775157	reverted	0.0
GGAGAGGAGGTAGTCC-E14S	23478.0	0.03615006889753941	0.5074088791746698	0.05045840093917995	0.14479180396019536	0.869540802175823	reverted	reverted	0.0785485333939827	0.04839192754099546	0.469287163355154	0.48232090910385056	0.7673634371593596	0.21432790885514108	0.7821044016609112	0.009992524677445469	0.20790307366164346	reverted	0.0
CCTATAGAGTAACGAA-E14S	17571.0	0.3379179250424803	0.15308717661536037	0.24201264905303554	0.1713467801282952	0.8226292487700713	reverted	reverted	0.15275972788960465	0.06618536820185107	0.4921594767380289	0.4416551550601201	0.971210323873304	0.2177065802120401	0.9266385656955562	0.00530497866969112	0.06805645563475252	transitioning_out	0.0
TAGGCTGCATCACTGC-E14S	19954.0	-0.13168161546429757	-0.17280166939398953	3.303959951022375	0.5880394097203382	0.013891787220968765	persistent	persistent	3.0979103548643616	0.9993389392387055	0.0006019205529818187	5.914020831266602e-05	0.7652219334236027	0.14854572833803467	0.8506531162996133	0.00874367651551436	0.14060320718487243	persistent_exiting	1.0
CACCACCTCTCATGCT-E14S	19246.0	0.1636407897500886	0.19916779892628972	-0.5710019149733871	0.18345416955828645	0.9557830854642422	reverted	reverted	-0.5954437724155973	0.02138443566093329	0.37746980546495357	0.6011457588741131	1.524826127540275	0.15565484962599596	0.9994924322072207	0.0004051857312405817	0.00010238206153851435	reverted	0.0
AGTATGAAGTAAGGGT-E14S	21598.0	-0.05935116774353022	-0.12390114644765315	0.3109111893220111	0.22503821503664131	0.8027906348528892	reverted	reverted	0.24823961148299442	0.07452543756054553	0.49902194634696784	0.4264526160924867	1.2344165777930318	0.1695934574356279	0.9947910323752298	0.0015047703991138892	0.0037041972256562604	transitioning_out	0.0
TGCTCACCAACGTGAT-E14S	15324.0	0.30820575841381737	0.035323087133631026	-0.3183911670214024	0.1582737222300851	0.9305515707129843	reverted	reverted	-0.39049572037205194	0.028661741157506263	0.41627557488867906	0.5550626839538146	1.1969229937048838	0.20137707268688676	0.9880931118418572	0.002083823129979921	0.009823065028162712	reverted	0.0
GGCTGTTAGATAGCAA-E14S	28547.0	0.11508926396246022	0.2481676619116902	0.5020143217709423	0.13910399255074385	0.7392435760779121	reverted	reverted	0.4749213542774854	0.10505439895279178	0.5125472477817297	0.3823983532654786	-1.686498980633616	0.882792098682468	0.11786413210438704	0.29152611160578745	0.5906097562898255	partial	0.0
GCACACTAGGCGAGAC-E14S	18523.0	-0.23660220940573518	-0.2588661802149663	-0.44051117736896983	0.17857909439097877	0.9440850667525441	reverted	reverted	-0.437470469978253	0.024706117476723136	0.39758372824777793	0.5777101542754988	0.6689984458109235	0.31717317101166753	0.5707216315498729	0.015587723930009303	0.4136906445201178	reverted	0.0
AAACTTGCATTCAGCC-E14S	17149.0	0.21185512492017233	0.3639848215220359	0.11713587330759151	0.12039970433811165	0.8545414881514899	reverted	reverted	0.10664396754711744	0.05380523854858761	0.4777793024852499	0.46841545896616255	-0.5100856942452572	0.6017583223757407	0.15504221576756858	0.126629267579127	0.7183285166533044	reverted	0.0
TGGGATTCAATGCGTG-E14S	11217.0	0.07218643564579275	0.10504689631670433	-0.5688798483004143	0.13779694633600648	0.9556129919902745	reverted	reverted	-0.5864371107895947	0.021432141113969617	0.3777968758649929	0.6007709830210375	1.1792295050909498	0.2404459694573923	0.9749226737934349	0.0027830344424474556	0.022294291764117763	reverted	0.0
CGATTCCCACAAGCTG-E14S	17282.0	-0.20392764099301003	0.029448905309006346	1.7782499003357914	0.2565340265558032	0.2019635205316112	persistent	persistent	1.6818528731733966	0.7757377162816476	0.17266382007238476	0.0515984636459676	-0.869008598950824	0.531622850034207	0.10631882595202465	0.23716612391600106	0.6565150501319743	persistent	0.6987951807228916
GCAATTTAGAACGGAT-E14S	15993.0	0.24479831738193325	0.2248858463026822	0.1552157714166	0.147772921144386	0.8453495908504299	reverted	reverted	0.13236033405986272	0.057246998685980516	0.482395281121133	0.4603577201928865	-0.3178750511180469	0.5703618408182444	0.17253184879802375	0.09775930830088735	0.7297088429010888	reverted	0.0
ACTGGTTGTGCAGCCT-E14S	57318.0	0.42827826556340787	0.285703932363005	0.6521662200667142	0.19619886201415773	0.6808716342128411	partial	partial	0.6233880945884858	0.13912011832120022	0.5153645848141671	0.3455152968646326	-0.1438191557828401	0.25859940100804785	0.12440818407662341	0.059844393695295546	0.815747422228081	partial	0.0
GCGCTTGAGTAGTTAC-E14S	48203.0	0.06579400816624059	0.6018973233882381	-0.5524708370159828	0.15598263818012081	0.9542765161944375	reverted	reverted	-0.4644103665843565	0.0218075656527259	0.3803265294275613	0.5978659049197128	-0.03064381966361482	0.3720000869427823	0.17549689144151195	0.05394717388974223	0.7705559346687457	reverted	0.0
CACCTAAAGATTCAAC-E14S	68130.0	0.2896061388009966	0.10237902708129515	0.0677789775709795	0.13605333334995742	0.8657757778240868	reverted	reverted	0.05084536631519452	0.0497277300253715	0.47153927121711026	0.4787329987575182	0.1036848911963477	0.22182388749866128	0.17765529990471746	0.032792295039183836	0.7895524050560987	reverted	0.0
CCCGTTATCCGTATAG-E14S	41677.0	0.3989664897496029	0.16360343232572067	0.6715272753566737	0.21893345175732754	0.6728551306464119	partial	partial	0.6258335333545938	0.14431692469895502	0.5150866655006671	0.3405964098003779	0.884274062392111	0.15194499383317067	0.9313659663627061	0.0057974547585609125	0.0628365788787329	transitioning_out	0.0
CCATATAGTGGCTTGC-E14S	105236.0	0.29225941343447526	0.3171158302616213	-0.44709550505705326	0.13284390149049308	0.9447394509897482	reverted	reverted	-0.41381527531871515	0.024518033385771847	0.3965703671027211	0.5789115995115072	0.0046476666040868595	0.24329997492220434	0.1514848498076286	0.041494981082853724	0.8070201691095177	reverted	0.0
TATCATGGTTGACCAT-E14S	104887.0	0.33312773038249033	0.21474808462818923	0.40030227833414533	0.12578713011597614	0.7746221611948201	reverted	reverted	0.3956518138449307	0.08730052132406996	0.5064871122016523	0.4062123664742778	0.0010139355645427653	0.2011343282331111	0.14064160486904065	0.039062081642195545	0.8202963134887638	partial	0.0
TGAGTTGTCGCTAGAC-E14S	46176.0	-0.1984622957891366	-0.28338695029334293	1.8465972274908562	0.3952730599887976	0.18191017785719363	persistent	persistent	1.7716566314023838	0.8123332918436407	0.14610841772501518	0.04155829043134407	-0.5265131485068901	0.3161360176873881	0.09727709970300145	0.16939853452244955	0.7333243657745488	persistent	0.6714285714285714
CGAGTGAAGGTTAGCC-E14S	95964.0	0.4129772593202401	0.04899525301075969	0.7777781876631643	0.19025646211638544	0.6271425799092734	partial	partial	0.7212376866045691	0.17664446349543267	0.5104562535713373	0.31289928293323	-0.3533065985070777	0.24062533712383705	0.09827853035103513	0.10812901337083859	0.7935924562781262	partial	0.0
CCTGTAAAGGTTGCGT-E14S	60773.0	0.3829423801116708	0.05583852010150947	0.059680288552221676	0.11780783933994823	0.8675475150853615	reverted	reverted	0.03479608051021123	0.049097244233409276	0.470490051161169	0.48041270460542174	0.42459715073724047	0.19582158980670042	0.39449886871547385	0.019234229233531495	0.5862669020509946	reverted	0.0
CGTTACCCAAGTGCAT-E14S	77816.0	-0.0427072064402077	-0.16175286959816876	0.9682619434651875	0.14798426163080453	0.5397566736518519	partial	partial	0.9160930533831037	0.253174787759905	0.48653940255226913	0.26028580968782594	-0.12206237158576028	0.22192557204680083	0.11982815605713354	0.05432335095443971	0.8258484929884268	partial	0.0
CTCGTAGGTCAACTTA-E14S	95461.0	0.24947530701528442	0.29739941844024426	0.38487810167080316	0.14971559001859824	0.7796791181203317	reverted	reverted	0.36831656260799794	0.0849223067839799	0.5053289770584172	0.40974871615760294	-0.15085303825023264	0.22637602923428224	0.11632459489565986	0.058937824813672296	0.824737580290668	partial	0.0
GGCGGTAGTTCGGCTA-E14S	48233.0	0.15668092715011012	-0.1676309228924154	1.2310885511080585	0.24991088727542374	0.4162449359607022	partial	partial	1.1291936648868697	0.40244233400295626	0.4140669645714683	0.1834907014255753	0.1446929201124532	0.21924014239819647	0.19365562970271083	0.0303052530469337	0.7760391172503556	partial	0.075
TCACACAAGCCTGTAA-E14S	44790.0	0.4239909602404396	0.10627480941344475	-0.5738179841451689	0.13845368816737952	0.9560078467700196	reverted	reverted	-0.5855474703477409	0.02132142353690489	0.3770357997282064	0.6016427767348888	-1.0448500801069103	0.6294767821452323	0.11138150113085224	0.2520186349394438	0.636599863929704	reverted	0.0
AACATAGAGGTAAGGT-E14S	80245.0	0.2714881903070927	0.5028556011469161	0.1878441360111831	0.1256378270063469	0.8371007687774488	reverted	reverted	0.20189291921086544	0.06041960409126549	0.48619710626478474	0.4533832896439497	-0.5259024220548423	0.3443732306315462	0.1013036968765159	0.16233426547887905	0.736362037644605	reverted	0.0
AGAATCAAGTTACGCA-E14S	73131.0	0.23382850358736496	0.564789775191423	-0.4287798242917658	0.14210005512685395	0.9429010465231427	reverted	reverted	-0.37939560603643907	0.025047145745695873	0.39938829972380024	0.5755645545305039	0.9135174394365927	0.1482280205536151	0.9467335434683821	0.0051270633022053435	0.048139393229412464	reverted	0.0
ACAACCTGTGGGTCCT-E14S	80035.0	0.14962345523139825	0.5240219151371384	-0.24383873055608968	0.13131300268558815	0.92085740329579	reverted	reverted	-0.19388765632280222	0.03157825627431226	0.42752660576067897	0.5408951379650088	0.5333764605021594	0.17605785198003152	0.5362026170930039	0.015934754494558563	0.4478626284124375	reverted	0.0
ATCACAACAATCGGTG-E14S	92934.0	0.339630125593812	0.22008219118397537	0.13073725940449873	0.11288505708355794	0.8513115089104569	reverted	reverted	0.12055907310811467	0.05500361959191256	0.4794490395380924	0.46554734086999505	-0.14532418484809156	0.24628958324615302	0.12142103516417138	0.059297953933554304	0.8192810109022743	reverted	0.0
GGTAATTTCGCTCACC-E14S	46918.0	0.0557160327735402	0.07306744657530362	0.19886013667643468	0.1416939231750238	0.8342368919446982	reverted	reverted	0.17451609502016005	0.06154015004725021	0.48744631722631193	0.4510135327264379	0.4123511680086629	0.21566377550254565	0.37620994053696283	0.020068361052559193	0.6037216984104781	reverted	0.0
CCGGTTAGTTCTGGGC-E14S	76664.0	0.13307820079694832	0.13702579969954615	-0.3743617678389298	0.12167235131218697	0.9370946986428551	reverted	reverted	-0.3861285456005451	0.026733219264817386	0.4077383385585943	0.5655284421765884	-0.5826804269942018	0.42649498427465304	0.11058952499195103	0.16616085585007492	0.7232496191579739	reverted	0.0
CGTACAGCAATATCCT-E14S	82797.0	0.18755536077460316	0.1362585224272826	-0.02959236759444255	0.12514061009063446	0.8857912111494375	reverted	reverted	-0.023113246253894534	0.042795670224792616	0.45851359387029456	0.49869073590491275	-0.3593192765262925	0.32832387623507225	0.1124962493289949	0.10691705314419261	0.7805866975268124	reverted	0.0
ACAGGTGAGATTCCTC-E14S	73547.0	0.25716517786382553	0.4987216884589038	-0.5185081915639285	0.14442709655740232	0.951387696436096	reverted	reverted	-0.4664190516551644	0.02262267020221701	0.38556409954806564	0.5918132302497174	-0.4019078750134399	0.40233828216316486	0.12314043195185236	0.11536174630232773	0.76149782174582	reverted	0.0
CGTTGCCTCATGCAGC-E14S	108621.0	0.3784075006772174	0.22644382042664263	-0.36685222469905915	0.11832366192354642	0.9362514230724649	reverted	reverted	-0.3459071644807961	0.026980035558201332	0.40888725396452436	0.5641327104772743	-1.1284775221046788	0.550189846242072	0.08996213072380914	0.3413529429566976	0.5686849263194933	reverted	0.0
TAACAGCCACCAATCC-E14S	81895.0	0.26625003797775026	0.12400212191348275	-0.3609317326041938	0.16744562220562756	0.9355791735867581	reverted	reverted	-0.39459118356017836	0.027177155881623467	0.4097923671952527	0.5630304769231238	-1.2011665600652148	0.5372664532583461	0.08221078538281731	0.3942632072008787	0.523526007416304	reverted	0.0
CAGGATTCATGGTGTG-E14S	70299.0	0.14875330355345195	0.5242287495828357	0.1344011018102218	0.12460481225361437	0.8504313806740702	reverted	reverted	0.16842995248016793	0.05533222203735723	0.47989490699558424	0.46477287096705855	0.6267558248253965	0.16092744872363554	0.6767834407519964	0.01304610646841258	0.31017045277959115	reverted	0.0
TCGAGGTTCGCGCACA-E14S	73907.0	0.1772662739408219	0.10494639220072827	0.6539303362869322	0.14846253345529015	0.6801455193133233	partial	partial	0.6181529141161364	0.13958534373968332	0.5153459496371264	0.34506870662319017	0.2576026804743157	0.18330388405716921	0.25011682152275416	0.023854678830580983	0.7260284996466649	partial	0.0
ACACATTAGGCGATAG-E14S	69452.0	0.1158481825302412	0.29441109333240817	0.1434514797419015	0.11825694830643756	0.8482388951840883	reverted	reverted	0.16033177583819092	0.056154668861304984	0.48098898968790726	0.46285634145078774	0.31062743505727214	0.19754939917514094	0.28935601553610496	0.022587446125218645	0.6880565383386763	reverted	0.0
CGTATTAGTTGGTTCG-E14S	30129.0	-0.0730957277389992	-0.15637804965328056	2.2495565005405935	0.3991612840584203	0.093950809123895	persistent	persistent	2.1063609542551673	0.9467480913500601	0.043922941188544694	0.009328967461395258	0.21169360682750918	0.21504923801924253	0.22562588992071345	0.02690025910771149	0.747473850971575	persistent	0.9230769230769231
ATGGATGGTAACGAGC-E14S	41805.0	0.5378277360680755	0.20249754229410405	-0.2943947358365057	0.11884392735581231	0.9275576685991336	reverted	reverted	-0.3161632480431746	0.029554713484268497	0.41991430831613696	0.5505309781995945	0.5847525457607357	0.22585630812929733	0.5604180480512445	0.015424857216848428	0.4241570947319071	reverted	0.0
AACAGGTAGATAGATG-E14S	46620.0	-0.18444146272246384	-0.20234803184204664	0.33499814915999837	0.13000823088032398	0.795471508537494	reverted	reverted	0.3115535570309433	0.07773617091882436	0.5012056348406823	0.4210581942404935	0.3019125728296845	0.21764833728330374	0.28285013137001364	0.023568176723561696	0.6935816919064247	reverted	0.0
ACGTTAGTCGTGCCAG-E14S	38482.0	0.22449985263928074	0.5362415333809958	0.2118927825554705	0.15213901299442617	0.830796804962913	reverted	reverted	0.22763335999104198	0.06289937682332568	0.4889006717401905	0.44819995143648367	-1.3161903124946546	0.6550030683025718	0.09646397740453241	0.3340099116041102	0.5695261109913573	reverted	0.0
CCAGTTGGTTTCCTCA-E14S	75305.0	0.2724226387869958	0.41843358979135964	0.0011468393562789614	0.11404498219236087	0.8797705382615126	reverted	reverted	0.023113246253894534	0.044837652456951226	0.4627169500060848	0.4924453975369639	0.027846147077694294	0.24558870567919103	0.15840377846272963	0.03967705414104682	0.8019191673962235	reverted	0.0
CAAGGAACAAGTTACA-E14S	39701.0	-0.11368417988109836	-0.046072561644991794	0.9929626811694393	0.21764750011487072	0.5281205102985417	partial	partial	0.9425734809041225	0.26503375745457886	0.4817549208160678	0.2532113217293532	-0.6127203990832346	0.4261859597613303	0.10800228461958498	0.1771626543661679	0.7148350610142471	partial	0.021739130434782608
ATAGGCGAGTTACGAT-E14S	40351.0	0.1970596278141954	0.06875673126598991	1.3523198719328413	0.25330727126446867	0.3617637984951464	partial	partial	1.27640137958511	0.48575659154811446	0.3656997176752732	0.14854369077661236	0.30840520814880956	0.19961849675339988	0.28760962358372033	0.02272543304659582	0.6896649433696839	persistent	0.09876543209876543
TGATCCTTCACCATGA-E14S	33553.0	0.06862451321059271	-0.19981677204520787	1.0494296508241234	0.2120128125151519	0.501425072348347	partial	partial	0.948254374444282	0.29388217997006705	0.46925001330867383	0.23686780672125907	0.34272252225637767	0.20179229073567936	0.3152712038401397	0.02172664536676826	0.663002150793092	partial	0.04411764705882353
CTACTTGCATCCTAAT-E14S	27613.0	-0.10021777721321742	-0.09441031574465614	-0.531727059700648	0.1917469381746407	0.9525321093144098	reverted	reverted	-0.5342637951711646	0.022299167072763075	0.38352541074768304	0.5941754221795539	0.6125825920857045	0.25233138564708624	0.569412516414751	0.015265029691906375	0.41532245389334266	reverted	0.0
ACTAATGCAACATGAC-E14S	40727.0	-0.11837576064370672	0.12501811163495918	0.6774515839669928	0.1378249599348249	0.6703815671867043	partial	partial	0.6345945316982347	0.14594762770831826	0.5149688683018824	0.3390835039897993	-0.18061234492287911	0.3188263692804843	0.1326768966916296	0.06917537359199122	0.7981477297163792	partial	0.0
GTCTAAGTCAGGAACG-E14S	23006.0	0.313454117641611	0.27148220760728276	-0.06000605542727375	0.17359528788550152	0.8914879553778727	reverted	reverted	-0.10269167915250617	0.040896447256134685	0.45428216822836776	0.5048213845154975	0.6699446699364071	0.23207692115914524	0.6547137856003868	0.013135520092103887	0.3321506943075093	reverted	0.0
ATGGGTTCATGGTAGT-E14S	104672.0	0.29922257036253463	0.030215144244817582	0.09938974152255597	0.09837064272825233	0.8586679582886283	reverted	reverted	0.07243142490095719	0.05229133308405178	0.47556741591289564	0.4721412510030526	-0.7905861968564526	0.3756675300482055	0.08745132339432554	0.2956271974143434	0.6169214791913311	reverted	0.0
TCCATTATCGTACTAG-E14S	32180.0	0.14254818481681375	0.35476772201293244	0.4962562429826942	0.14366340197166083	0.741339377945876	reverted	reverted	0.48457402561839436	0.10394586656925012	0.5122837361677416	0.38377039726300827	-1.521400398649818	0.8905458282824952	0.1297589416452778	0.2528784583887862	0.6173625999659361	partial	0.0
CGGTGAGGTTCGTTAA-E14S	33839.0	0.0891226652412897	0.43760971600872217	0.6221279061566257	0.18552331204859873	0.6930989656201179	partial	reverted	0.602743830816069	0.1314467190934912	0.5154824984939937	0.353070782412515	0.5740063839888285	0.18535205390951082	0.5823746842858447	0.014947894677003618	0.4026774210371516	reverted	0.0
AACAGCTCATTAATCC-E14S	24899.0	0.1312093021575833	0.6669765124071654	-0.5744661122111507	0.18450808154568457	0.9560594218616538	reverted	reverted	-0.5205718894498637	0.02130696853136648	0.3769359168397164	0.6017571146289172	0.9598926284493813	0.2292132779396621	0.9117793612787783	0.005774174582624399	0.08244646413859731	reverted	0.0
CCACCTCAGAAGGATC-E14S	37973.0	-0.18359835013538806	-0.22764125398408255	1.4481552260177855	0.25967879327857263	0.3210070144976882	partial	partial	1.363488222548784	0.5548237116380664	0.3227930437124027	0.12238324464953095	0.23838412277067647	0.21261204237433265	0.24059813505067287	0.02569692037015882	0.7337049445791683	persistent	0.3655913978494624
GTGAATCCATCCCTGG-E14S	37205.0	-0.0037833842592461253	0.1541585399066085	0.5150701054990442	0.1557616304333567	0.734451049824225	reverted	reverted	0.47172752557564973	0.10761741836044487	0.5131062546552653	0.37927632698428987	0.7901330280189315	0.18184244794424778	0.8402589768090727	0.0086738635582663	0.15106715963266104	transitioning_out	0.0
TGTGCCAGTGCGGACA-E14S	38108.0	0.5536196623593141	0.42280375352453	-0.013009873588466985	0.12892178350393782	0.8825766471856581	reverted	reverted	-0.05409076661400219	0.043881419635726525	0.4607907452865573	0.4953278350777162	0.3294237111951615	0.25179383831525115	0.3025515645031876	0.023924272852756764	0.6735241626440556	reverted	0.0
TACCTCCGTTAGCAAG-E14S	24677.0	0.02242102726432471	0.4209182846593889	0.927531509056423	0.2202405313026606	0.5588440512061899	partial	partial	0.9035000304479389	0.23462169715328576	0.49354172198483987	0.27183658086187446	1.1354865341778821	0.15909734670966622	0.9899307850872753	0.0021626678298531025	0.007906547082871664	transitioning_out	0.0
TCGTACTTCCAATTCC-E14S	31661.0	0.3621576811794027	0.08292470253528028	0.09617224828804911	0.1487450299827277	0.8594055565839726	reverted	reverted	0.024479405070309466	0.05202272359061512	0.47516247267314815	0.47281480373623685	-0.07898208870980226	0.31651031082378056	0.1504517118562445	0.055219544092759566	0.794328744050996	reverted	0.0
GTACGATCAGGATCTG-E14S	19684.0	0.17151572704711177	0.2791339270920227	-0.12504138342463042	0.2074098675954886	0.9028370407685185	reverted	reverted	-0.13632481138031158	0.03720460044393706	0.44502238627774277	0.5177730132783201	0.6817672418977687	0.2541434095540382	0.6442649406313268	0.013344030611254958	0.3423910287574183	reverted	0.0
TAGGCCACATAGGGCC-E14S	35179.0	0.2557852239629842	0.48257293032310283	0.13072951410248257	0.11725395258367108	0.8513133649510366	reverted	reverted	0.14101021930407528	0.055002927560970784	0.47944809520005893	0.46554897723897043	0.8000049286447657	0.1707871393167862	0.8599921335408879	0.008191610602507244	0.13181625585660472	reverted	0.0
ACTGCTGGTGATTAGG-E14S	28416.0	-0.21483128869900148	-0.19046955073264782	2.1081445843819795	0.44050734966984584	0.11934914986952548	persistent	persistent	1.9840642001906457	0.9140792340308328	0.06955144481352121	0.01636932115564606	0.1247070068702359	0.22684497434721929	0.18690716832098536	0.03183095731247835	0.7812618743665363	persistent	0.9390243902439024
TCATGGATCACCTCGC-E14S	20284.0	0.22631214325820448	0.5680779139001293	0.5132946734952301	0.22846968740317328	0.7351060696834288	reverted	reverted	0.5004585406940152	0.10726479338726821	0.5130334126882993	0.3797017939244326	1.3927981780490353	0.14267812184013087	0.9989889925905154	0.0006638168895655687	0.0003471905199189201	transitioning_out	0.0
TGAGAACAGCGGATAG-E14S	36966.0	0.17460909369756777	0.2974837508718577	0.10059385572012942	0.11742043436827157	0.8583910894392269	reverted	reverted	0.09731359945387417	0.05239231539851895	0.47571865768205956	0.4718890269194215	0.3695756348880252	0.25781544653654537	0.3318238081948588	0.02276850053614494	0.6454076912689963	reverted	0.0
TAGGGTAGTTGGAGAC-E14S	34979.0	0.3539356167375054	0.25326816573303285	0.29190693549039043	0.151705834237575	0.8084246016007016	reverted	reverted	0.2148166620577218	0.07210389569188773	0.4972170316112283	0.43067907269688394	0.18512650094074343	0.2614350660445248	0.22004870312044042	0.030509831596733934	0.7494414652828256	reverted	0.0
TCTATGAGTTTGGAGA-E14S	32840.0	0.09204559292985404	0.43411942459065406	0.48603372880667	0.13703322348608893	0.7450330081920669	reverted	reverted	0.4881824409050798	0.10201018945958244	0.5117908658416658	0.3861989446987517	-1.492443608920208	0.875782613064246	0.12873340283861462	0.25327395189449026	0.6179926452668951	partial	0.0
CGCCCATTCCCAGTAA-E14S	24346.0	0.36037739909113686	0.010902687647995069	0.1430754512772985	0.15217664360284566	0.8483305124239657	reverted	reverted	0.0431766953190402	0.05612019044527371	0.4809437414173715	0.4629360681373548	-0.8769192471577106	0.6159628014340811	0.12219563959933553	0.20624492253954288	0.6715594378611217	reverted	0.0
AAACGTAAGCGAGTCT-E14S	17680.0	0.1644285744497639	0.3872826767067184	0.11267727215615857	0.1677377562181325	0.8555875469528109	reverted	reverted	0.12835777400611806	0.053419660241802995	0.477227070641179	0.46935326911701813	0.971579905901654	0.18142692629754034	0.9507080229321703	0.004595061089017982	0.04469691597881186	reverted	0.0
GGAAGTTAGGTCAATT-E14S	16678.0	0.3388593659026944	0.24213752143620298	-0.791275693361261	0.1382610642658146	0.9704143971021701	reverted	reverted	-0.7962809561961358	0.017342947576860335	0.34376645057868294	0.6388906018444569	0.5219301804612175	0.3612211609263003	0.4233792841956168	0.02183983664987364	0.5547808791545095	reverted	0.0
CCCGACAAGTTGCGCG-E14S	15249.0	0.25823911339901595	-0.04072666423205579	-0.21454621200530097	0.12896100184104717	0.9167203894181084	reverted	reverted	-0.27207443057140307	0.03284561211176963	0.4318975893523332	0.5352567985358971	0.637700860000451	0.2807126262573986	0.5714124118530345	0.015329375132898199	0.4132582130140673	reverted	0.0
AGCGCACCATGCTGTC-E14S	20434.0	0.03619765334091102	-0.023062436194937364	0.4601283496146068	0.13258416309212254	0.7542366786458354	reverted	reverted	0.39749476519219834	0.09728516481902529	0.5104027206500983	0.39231211453087633	-1.4410584485038642	0.9034937065094825	0.13754257953675825	0.232819545646193	0.6296378748170487	partial	0.0
TGCCATTTCGATCGCG-E14S	21824.0	0.14689045015389035	0.1774601794096597	1.3429120435390642	0.2367135132655848	0.36588610689201756	partial	partial	1.2693828639701978	0.47907867422073874	0.3697241112336328	0.15119721454562854	-1.6908329300585019	0.8805191852900839	0.11714731311813707	0.2937633332032777	0.5890893536785853	persistent	0.25301204819277107
GTGCGGTCAATGCCTC-E14S	21131.0	0.2913338877641395	0.706002577114095	1.533027170093056	0.3225239400666236	0.2870359940176385	persistent	partial	1.4966377727614835	0.6160550188142724	0.28300635658144346	0.10093862460428406	-0.7900040325673382	0.5001123916671596	0.10682205566720047	0.2204462362981534	0.6727317080346461	persistent	0.38202247191011235
CGTGGATTCCTCATAC-E14S	11163.0	0.2986013066302138	0.10823103173040444	-0.27618054872945896	0.13900740000170178	0.9252062200507211	reverted	reverted	-0.37431478995047857	0.030260866427007264	0.4226658799984557	0.5470732535745371	0.8069458322346671	0.28553108846314734	0.7349615499021289	0.010817001643913093	0.254221448453958	reverted	0.0
GTAGTGAGTGATAGAT-E14S	19191.0	0.25336829728935806	0.19778124742179776	0.9821110561667867	0.2000117389048578	0.5332370731814057	partial	partial	0.9053012877965105	0.25976698033782514	0.4839075817896615	0.2563254378725134	-1.8914739553943234	0.9191674486190696	0.11296748418963412	0.31675258497163017	0.5702799308387358	partial	0.0
AGTTAGAAGCCACATA-E14S	14633.0	0.18331748665066555	0.05350702213270181	0.3737722625174287	0.12613159606682536	0.7832695462658851	reverted	reverted	0.32391755718762755	0.08325680488946624	0.5044598373797891	0.4122833577307447	-1.3770683511372763	0.9735367837571182	0.15512571882611315	0.20220681653000808	0.6426674646438789	reverted	0.0
CCGAATGCAAACTACA-E14S	5559.0	0.134038693005321	0.017529816889949756	-1.8054762333869137	0.2384447362151161	0.9955503538922363	reverted	reverted	-1.76561438467465	0.011762085818524552	0.2074626049121918	0.7807753092692837	1.556157761714667	0.23066465666114644	0.9986080247537197	0.0006093650824961896	0.0007826101637840514	reverted	0.0
TCCCCTGGTATAGCTC-E14S	5445.0	0.006444710810908305	-0.0688884018898882	-0.5177099860420576	0.18124554063348972	0.9513177605309421	reverted	reverted	-0.5365645063748975	0.022642465389914355	0.38568720264716283	0.5916703319629227	1.6603539797097047	0.19441559464846828	0.9996201489121512	0.00030109648828589256	7.875459956281246e-05	reverted	0.0
AGGAATGCATCACTTG-E14S	9324.0	-0.1153771151645607	0.4965597677638279	2.155041067814592	0.4254652265588673	0.11032848384462488	persistent	persistent	2.079421518856979	0.9263995670955438	0.059960473509667184	0.013639959394788896	0.7625476761666259	0.22436479356035413	0.7653530622101772	0.010358113311534394	0.22428882447828838	persistent_exiting	0.9069767441860465
CTTCAGCCATAATTCC-E14S	10161.0	-0.20295747552309695	-0.2353087087983734	-1.4940445755412328	0.20118376633796248	0.9920047768530753	reverted	reverted	-1.4655795513822922	0.0119594463575814	0.24497479651827764	0.7430657571241409	0.7145686581591566	0.3692468180630336	0.5675404408133349	0.01619605383920151	0.4162635053474637	reverted	0.0
GGGGTATGTCAACTCG-E14S	11684.0	-0.21428789402613868	-0.16726037593019832	0.4338971728923562	0.19014848218731187	0.7633251550072131	reverted	reverted	0.3718562975800829	0.09275351735499922	0.5088030554775906	0.39844342716741005	-1.0340805452883155	0.8520768842309724	0.15708765058714946	0.17900767986131008	0.6639046695515404	partial	0.0
CGAGGATGTGACGAAC-E14S	11544.0	-0.09105984682106091	-0.1785819657571368	1.1904222247481986	0.20183079307969454	0.4350638114479784	partial	partial	1.075225379741805	0.3761993753038643	0.42835704614015385	0.19544357855598177	-0.526120058257507	0.5822294532027044	0.14888461248022575	0.1309035022639874	0.7202118852557867	partial	0.043478260869565216
CCCATCTGTAGCTGGG-E14S	9416.0	-0.28699855928903506	-0.3019955128061076	-1.804860759214248	0.2240149671806692	0.9955451893145678	reverted	reverted	-1.7587476359571996	0.011761401758144595	0.20753249487554531	0.7807061033663101	-0.8726217789817595	0.899770272409196	0.17957221421548278	0.15023382425661586	0.6701939615279014	reverted	0.0
AACTCTTCATGATAGC-E14S	9674.0	-0.23799206454907343	-0.2850249142343784	-0.7209862723151249	0.14652193740289735	0.9663452439265622	reverted	reverted	-0.7192395805441663	0.018454474921922495	0.3544481240844424	0.6270974009936351	0.16008172640096943	0.48035187858279127	0.2517329983925475	0.04611580382660618	0.7021511977808463	reverted	0.0
GGCAACTTCCATCGCC-E14S	9304.0	-0.15833186385790957	-0.18042355523783968	0.39365962753360517	0.14418179024665553	0.7768100491243753	reverted	reverted	0.3309448397784393	0.08626689920631804	0.5059954326195495	0.40773766817413254	-0.948984106578606	0.9077355446865111	0.1746232480518947	0.158397807659223	0.6669789442888823	reverted	0.0
CGGGTCATCACAGCAC-E14S	10762.0	0.07021966705453031	0.33259941829677003	0.48325552275695155	0.20469653857280998	0.7460308209934005	reverted	reverted	0.4635037402547313	0.10149118702221861	0.511651454788972	0.3868573581888095	-1.3631922350228443	0.9204580772363078	0.14605247971106491	0.21420888943480862	0.6397386308541265	partial	0.0
ACGTTCAAGTTACCTC-E14S	6418.0	0.031570500825629566	0.07810663963403858	-1.9456676579226733	0.2467988706484362	0.9965840396940767	reverted	reverted	-1.8836214794895572	0.012032027287673712	0.19198479583690967	0.7959831768754166	1.4707430204513319	0.3159630299736715	0.9862621087665892	0.0016474731074308838	0.012090418125980017	reverted	0.0
GGGATATAGTGATTAC-E14S	9040.0	-0.28650563471943485	-0.3156385121699799	-1.697591679862149	0.20389978495696898	0.9945475847910313	reverted	reverted	-1.6561412152767703	0.011707247200235903	0.21997189360001715	0.768320859199747	0.9701444858201114	0.36774515252037987	0.7680040020460388	0.009622328415043579	0.22237366953891766	reverted	0.0
AGAGTCCTCTTGAGGC-E14S	8853.0	-0.268669623541948	-0.2377934757491268	-0.3687387869721329	0.13214819326317814	0.9364642580555395	reverted	reverted	-0.3981778556206148	0.026917693955660547	0.4085987110429632	0.5644835950013763	0.7252743268907932	0.3373774628948931	0.6039562158544531	0.014697067714068405	0.3813467164314784	reverted	0.0
TAACACTAGCAAGCGA-E14S	9174.0	-0.2426362103592126	-0.27705591005251273	-0.9104436689911427	0.15557590299036625	0.9762477337491141	reverted	reverted	-0.8905437736252327	0.015769692535272207	0.32589523513483953	0.6583350723298883	-1.1335902733057484	0.840472252422162	0.1470315483617825	0.19770183680650577	0.6552666148317118	reverted	0.0
GTTCACCCAGTTGGGC-E14S	8536.0	-0.2677623395728741	-0.2976979411184669	3.069353207914213	0.5506709694486095	0.021492549708759683	persistent	persistent	2.839392844907635	0.9980496602745682	0.0017464664004084429	0.00020387332502330724	0.14289405457648008	0.3574681121361156	0.22240902051294195	0.03896502968134852	0.7386259498057095	persistent	1.0
GGTGACTTCACATAGT-E14S	9187.0	-0.1986843406021115	-0.2498806187975819	-1.2335241372809733	0.19386995325828751	0.9869737754796816	reverted	reverted	-1.2120164595749818	0.013011213886237178	0.27953659025837224	0.7074521958553905	0.7354217808343393	0.3728764898585598	0.5813815225055037	0.01574700369747265	0.40287147379702376	reverted	0.0
GTTATCAGTAGTAGTG-E14S	8408.0	-0.285605196017126	-0.3232948662764758	-1.313690796233741	0.20547079841183008	0.9887874592811946	reverted	reverted	-1.2991513894453377	0.012592434455648676	0.26860887878647427	0.718798686757877	-0.10744932709598813	0.6320630787704328	0.2195781324360052	0.07587367758655181	0.704548189977443	reverted	0.0
TGCTACCCAATGCCTC-E14S	9564.0	-0.25389697368957526	-0.2873060172946386	3.833566776704753	0.561743572428486	0.005142324309605905	persistent	persistent	3.5781992723110885	0.9999531381076948	4.394130943875056e-05	2.920582866389108e-06	-1.6928861866053129	0.796008817129436	0.0999724761721058	0.3506239670361931	0.5494035567917012	persistent	1.0
ATTACGTAGCATCTAG-E14S	8412.0	-0.17434760485689407	-0.20475808433574352	-0.658875010242114	0.10869303797816612	0.9623041559119702	reverted	reverted	-0.6608067330286672	0.019568000661703777	0.3639526029214511	0.6164793964168451	1.0960127547459588	0.267711318875208	0.9393684693301385	0.004338026838582217	0.05629350383127929	reverted	0.0
GCTAAACCAATACAGC-E14S	8399.0	-0.19440751541590778	-0.2942015429709753	-1.3890324550566078	0.23675926676406844	0.990263407430534	reverted	reverted	-1.368419797900732	0.012278291967091709	0.2585720847374474	0.7291496232954608	-0.2742584079407732	0.7391183988666065	0.21405372987073565	0.09384682833712403	0.6920994417921403	reverted	0.0
ATGTCAACATTAGACA-E14S	8072.0	-0.14987329226111973	-0.28477692980486713	-1.017916036079964	0.22287617899397474	0.9805353741078688	reverted	reverted	-1.0113206827900547	0.01463541440759759	0.31009835900632027	0.6752662265860823	0.17216485293744477	0.45852995715861694	0.2517405759188665	0.043877452837232926	0.7043819712439007	reverted	0.0
CTTGCATTCGCGTCTC-E14S	7950.0	-0.2556502718765562	-0.28740345841314374	3.6557072487943083	0.6303991878021975	0.007186208759663898	persistent	persistent	3.4092115243036303	0.9998823707077505	0.00010934030131327481	8.28899093627061e-06	0.6245839962844483	0.2144376271505893	0.6191663860955354	0.01404466218898985	0.3667889517154748	persistent_exiting	1.0
GCACGAGGTCTTGACG-E14S	8611.0	-0.285904948833652	-0.18762744005414192	-1.1938706802401153	0.20730961046877297	0.9859725010453739	reverted	reverted	-1.165006993924501	0.013252813235447003	0.2850329855259168	0.7017142012386361	-0.4991270249400063	0.7220159540841127	0.18215731352447134	0.11864989414382292	0.6991927923317056	reverted	0.0
CTTCACTAGCGGAGTA-E14S	5985.0	-0.14787923452175955	-0.20530878743842954	0.5424538785834349	0.24074809059428837	0.7242181511893903	reverted	reverted	0.4069723098263953	0.11322334912519876	0.5140993334108085	0.37267731746399263	1.459960186457619	0.1904561224606214	0.9987084394571418	0.0006677607566411829	0.0006237997862170795	transitioning_out	0.0
GCCGAGTCACCTTGCG-E14S	5713.0	-0.233863262935111	-0.20092872372861562	-0.9571825790670772	0.2012621815112617	0.9782153084003175	reverted	reverted	-0.9329114484653199	0.015246136611566888	0.3189842675383971	0.665769595850036	-0.04230470127514194	0.5314488347162512	0.21121581905166742	0.06518371399253516	0.7236004669557975	reverted	0.0
GGTTAGCTCGCTTCCA-E14S	5643.0	0.2604389087633636	0.15834387654337906	-0.33873498629573445	0.17878161584241914	0.9329996502921548	reverted	reverted	-0.4124823970781346	0.027936548538481924	0.41317989358148755	0.5588835578800305	0.6790390823411723	0.362582834903369	0.5437878618288219	0.016962702213997177	0.43924943595718086	reverted	0.0
GGGCAATGTGAGCATA-E14S	7421.0	-0.22444592845615646	-0.29419060068180325	-1.6458011850558758	0.27579760763625333	0.9939892806996861	reverted	reverted	-1.6082219579137165	0.011727105271770203	0.22616107072550828	0.7621118240027216	0.5610811229546869	0.4817542042957736	0.4133065727441858	0.026519555035955555	0.5601738722198587	reverted	0.0
ATTGAGGGTAACGAGC-E14S	8177.0	-0.15950142217163557	-0.1651133284354253	3.026306497017638	0.5118025490594379	0.023274937074661408	persistent	persistent	2.8487451028706263	0.9976358585024189	0.0021099375914373493	0.0002542039061437706	-0.9141060420294141	0.6499688388630682	0.12600717639448736	0.20534350457869502	0.6686493190268176	persistent	1.0
GTTACCAAGGTGCGTT-E14S	7025.0	-0.2626560435875186	-0.3458090508258471	-1.3256847392392979	0.1777071293816352	0.989036426688334	reverted	reverted	-1.31039676671762	0.012537426555796354	0.2669957184208999	0.7204668550233038	-0.7545453290504622	0.9370022783083137	0.19659062110674672	0.134164182445524	0.6692451964477294	reverted	0.0
TGCTTAGAGATAGGTA-E14S	7695.0	-0.2546798297021866	-0.26716492578294126	0.25930076735681695	0.17354690677093385	0.8178032141143083	reverted	reverted	0.19552475422200924	0.06816672414617078	0.493961955120442	0.43787132073338725	-0.17272502975152967	0.5434407426767867	0.18910580368608323	0.07903355605742028	0.7318606402564966	reverted	0.0
ATCAAGGGTCAAGTAG-E14S	7793.0	0.02466176964081923	-0.2227082543554245	0.48905875901972956	0.13454044355656433	0.7439436182804368	reverted	reverted	0.37694352558277566	0.10257871826600261	0.5119400219666203	0.3854812597673772	-0.14685538618145177	0.5988290492625181	0.20588483006421823	0.07836584951944423	0.7157493204163374	partial	0.0
AGCCTGACATCCCTAA-E14S	6256.0	-0.2038490328449052	-0.22615745391675912	-0.9118883096154464	0.17885260610065423	0.9763110689032568	reverted	reverted	-0.9140565576440345	0.015752772729684297	0.32568073146020293	0.6585664958101127	0.32351363949958817	0.49587555690361906	0.30835660934224096	0.0376536656960599	0.6539897249616992	reverted	0.0
CACTTCACACCTCGAT-E14S	7068.0	-0.16914059382373575	-0.23535621573972637	-0.5166308807683923	0.16242253347232488	0.9512230614181257	reverted	reverted	-0.5628463025201187	0.02266927447822292	0.38585362684682945	0.5914770986749478	-0.01794435984917936	0.503462302949998	0.21028241893346467	0.0613572682681716	0.7283603127983636	reverted	0.0
ATCCACGGTAATCCGT-E14S	6298.0	-0.2596047579408475	-0.24234002767481097	1.8496674034635532	0.29124495630082725	0.18104679518843733	persistent	persistent	1.7040903925612756	0.8138798728589066	0.1449755122731578	0.04114461486793556	1.0036687461665479	0.22295076868933378	0.936692107771259	0.004835155803078086	0.058472736425662857	persistent_exiting	0.7777777777777778
TGGAGGATCGCGCTCT-E14S	7621.0	-0.09844889275538318	-0.018583993411337596	1.3838331840856861	0.26520677696447903	0.3481056646827951	partial	partial	1.2915380294621805	0.5082998138189813	0.35194548819130184	0.13975469798971688	-1.1280740522651647	0.901599295859303	0.1593253886010991	0.18308612309810662	0.6575884883007943	persistent	0.22988505747126436
ACATCATAGCCTGACG-E14S	6554.0	-0.2822807659001919	-0.3028664229525071	-1.156722613599578	0.1997060891989306	0.984965838493782	reverted	reverted	-1.1481045571367279	0.01350111812305782	0.29023493241885573	0.6962639494580863	0.3347536036224079	0.49015274710681117	0.3122726542345146	0.03672546280170262	0.6510018829637829	reverted	0.0
ACCGATTGTCTGGGCT-E14S	6292.0	-0.2595775520631294	-0.32693555042626404	-0.7502020535575253	0.14718695462651507	0.9680983729950801	reverted	reverted	-0.7711187301140265	0.01797434560654728	0.34999750968949794	0.6320281447039547	0.3906739950645991	0.46647315754603186	0.33458240045741927	0.0326009555504308	0.63281664399215	reverted	0.0
GTAGTTGTCCAGGTCG-E14S	5632.0	-0.03117891700971559	-0.10832737741394616	-0.8729940644704611	0.18715802817504334	0.9745470373322486	reverted	reverted	-0.9531713585670718	0.01622548323879523	0.3314747812981208	0.652299735463084	0.5310422830962067	0.4602090991812152	0.40261642817425264	0.02645551058118074	0.5709280612445666	reverted	0.0
TATCTCATCGATGCAC-E14S	7071.0	-0.2833313010027516	-0.24372902342571098	3.339737198801426	0.5481995831256476	0.012993850683381835	persistent	persistent	3.1174053158402204	0.9994422265336113	0.0005090569470251817	4.8716519363620753e-05	-0.0363139282344799	0.34544763710663184	0.16732113000312746	0.05264185174581596	0.7800370182510566	persistent	1.0
TATCCCACAACATCCC-E14S	6072.0	-0.28119150140640764	-0.3253062628092885	-1.2528238420930184	0.18398260499440763	0.9874352561686445	reverted	reverted	-1.2443238625121387	0.012902061052143319	0.27688299009919454	0.7102149488486622	-0.0173379560539891	0.5656796819070111	0.22363474884752949	0.06485045738962987	0.7115147937628407	reverted	0.0
GCTCATTTCCGTTACT-E14S	6236.0	-0.20365477772826768	-0.23023342361426577	4.369175624556629	0.6943107117979486	0.0018716089015132702	persistent	persistent	4.037537683128611	0.9999975829064148	2.313777071206497e-06	1.0331651386159792e-07	0.5595217063207745	0.2444564919856935	0.516879135698391	0.0165856248553417	0.4665352394462673	persistent_exiting	1.0
AGCACTATCTATGCCT-E14S	6328.0	0.4018425469647091	0.08403768239652254	-1.3406540617387115	0.17540308376880984	0.989339498719527	reverted	reverted	-1.3278845979903307	0.012471466893548493	0.26499047454531793	0.7225380585611335	-1.441031834724551	1.1526805488855203	0.18199619709554984	0.17483954148933892	0.6431642614151112	reverted	0.0
ACCTTCACATGCTGCT-E14S	5669.0	-0.2801849684910402	-0.2986236172100518	-1.051435355661313	0.21064575340738997	0.9817102808584104	reverted	reverted	-1.0419971708421087	0.014329692370478663	0.3052428986548992	0.6804274089746222	-0.5070102072997665	0.8010362773848003	0.19680719219188653	0.11640740553856545	0.686785402269548	reverted	0.0
CCAAGGGGTGCGCAGA-E14S	5591.0	-0.2446048120957326	-0.296981704001619	-1.2090563286601652	0.16497506883993637	0.9863646118439413	reverted	reverted	-1.2215499023916834	0.01315748901832286	0.2829211244334536	0.7039213865482236	-0.20424132128874636	0.6386196556371982	0.20472001895902867	0.08539257139070769	0.7098874096502635	reverted	0.0
ATCCACAAGTAGGAGT-E14S	6450.0	-0.28205534422072404	-0.19830485485439503	-1.1003892742686734	0.22508543088371058	0.9833021148430121	reverted	reverted	-1.0623910502221101	0.013920530725706214	0.2982176088654647	0.687861860408829	-0.7139506941423928	0.5962537062458836	0.1326268653458015	0.16895247342845765	0.698420661225741	reverted	0.0
GTAGCATCACTTGGAG-E14S	6568.0	-0.12070420400856796	-0.29424653817964247	-0.39234257537398487	0.1617565878768783	0.9390717132389094	reverted	reverted	-0.4417453227966876	0.026156526898911098	0.40498372451368325	0.5688597485874056	0.5772948197290613	0.4127079583831599	0.44289699522122095	0.022356040386435277	0.5347469643923437	reverted	0.0
CCGGCTAAGCTAAGGG-E14S	7128.0	-0.263052498271095	-0.24659533256866184	-0.16280551666452323	0.12809685873427132	0.9089305061726183	reverted	reverted	-0.19231000581511326	0.03527082110279586	0.4395319391243818	0.5251972397728223	-0.8570628206433616	0.8930402382991064	0.1796716541482678	0.1491561886758262	0.6711721571759061	reverted	0.0
GCAATATTCCAATGTG-E14S	6450.0	-0.1412744364067826	-0.32617247248368947	2.491319939678188	0.41234119628011145	0.06157094318252377	persistent	persistent	2.2580700052287614	0.9781323763515294	0.018561232195308815	0.0033063914531618966	0.08728037070664202	0.4112595196889373	0.21628022370187397	0.0465519171365045	0.7371678591616216	persistent	1.0
GTCCAAATCCCTGATT-E14S	6102.0	-0.2023313741789312	-0.3435022191968308	-1.3061120892380833	0.21434669862599337	0.9886272688758715	reverted	reverted	-1.3053449718887287	0.012628193843670156	0.2696311582942821	0.7177406478620477	0.8190723546807256	0.46544545842081975	0.5690937166959039	0.017431369398800092	0.41347491390529606	reverted	0.0
GGTACTTGTTGGCTAT-E14S	6802.0	-0.1667897470021754	-0.2882858243440279	-1.2966419109278646	0.20369583428767546	0.9884239158686093	reverted	reverted	-1.2739897806237663	0.012673977999129936	0.2709117800457378	0.7164142419551323	0.31095462378678435	0.5723448403316853	0.30863427634515656	0.043133906247482486	0.648231817407361	reverted	0.0
GCTCCCACATCGTTGC-E14S	6688.0	-0.20785118442029882	-0.22716673796109244	2.0070995022207505	0.3279897746692611	0.1409630295598402	persistent	persistent	1.8510499222347747	0.8817731877156169	0.09433684038944654	0.023889971894936628	-1.0957825925892672	0.8689351681981359	0.15551496393496303	0.18501437797347242	0.6594706580915645	persistent	0.8095238095238095
GGTAGTAGTAGCTCAT-E14S	7186.0	-0.14800589560793237	-0.2512445034766132	-0.6443940840998196	0.1408651010733267	0.9612969935517369	reverted	reverted	-0.6881722497486746	0.01984696848642854	0.3661754963396314	0.61397753517394	0.187596576631635	0.4688680187087339	0.25838033025286566	0.04358448833665354	0.6980351814104808	reverted	0.0
AGACGTTCAAAGGTCT-E14S	6417.0	-0.24160868612873096	-0.2694720718490661	-1.0425418025282902	0.17853610835902586	0.9814055071324782	reverted	reverted	-1.043538929569049	0.014408726679631148	0.30652767835371425	0.6790635949666545	0.5893314939122031	0.4158881315200261	0.4494260287619265	0.022104073003307037	0.5284698982347664	reverted	0.0
AGAGGCTGTTGGTCAT-E14S	6434.0	-0.26021193689559324	-0.3538757403549603	-1.0169125218582784	0.19732111874685485	0.9804990817758683	reverted	reverted	-1.0128698474723892	0.014644900693684276	0.31024427184153813	0.6751108274647776	1.2604848546127663	0.33595136215214916	0.9426015192631974	0.0037554248343753317	0.0536430559024273	reverted	0.0
CAGCGAGGTTCAAGTC-E14S	5401.0	-0.2550913606131089	-0.2809816780886176	-0.8907388644726998	0.16798901129607985	0.9753671787376184	reverted	reverted	-0.9075880054006529	0.016005344192145814	0.32882653058477274	0.6551681252230814	-0.8552046531714446	0.9055374506130047	0.18213239683190574	0.14758984254402693	0.6702777606240674	reverted	0.0
AGCCCTAGTCAGCACC-E14S	5002.0	-0.17007554423812363	-0.19062585983543254	0.5653117221206115	0.18627251934078362	0.7154920188540951	reverted	reverted	0.4720785005230793	0.11815120411485157	0.5147335679435615	0.3671152279415869	-0.04636647354517801	0.5939925861764556	0.22342029648217496	0.06879875130345521	0.7077809522143698	partial	0.0
GCTCTCATCCACGGCA-E14S	6207.0	0.16260962677963464	0.6334078299456953	2.5212343241098165	0.4152826859814424	0.058378831867255836	persistent	persistent	2.4334498743390056	0.9805208993190915	0.016587941614678657	0.002891159066229787	-1.5432974018276517	0.942785978752895	0.13849490949003015	0.23686812935605422	0.6246369611539156	persistent	0.96875
TAACCGATCATCACAG-E14S	6095.0	-0.13451420406575512	-0.2805671494468328	-1.1227383685247938	0.17242038189424974	0.983982788950619	reverted	reverted	-1.1306772310697826	0.013747762582335366	0.29503733839861546	0.6912148990190491	-0.9599402755667994	0.9574737498341127	0.1827543342946214	0.15346342351323183	0.6637822421921468	reverted	0.0
GCTGCCTTCTGTCTAC-E14S	5336.0	0.002467872585079356	0.2059735834187561	1.0932126630080081	0.2661917321270368	0.4807126768375254	partial	partial	0.9684432295406488	0.317907189785927	0.4580280091062795	0.2240648011077935	-0.029156088824542972	0.4420917232963713	0.19342086959192584	0.05855221150016114	0.7480269189079132	partial	0.06060606060606061
CGTTACCCAAACCATA-E14S	5464.0	-0.2312470764879584	-0.30187526234594647	-0.17605958715498848	0.12895692320084573	0.9109863128866773	reverted	reverted	-0.2262883647997157	0.034625760000150524	0.43758781311546235	0.5277864268843873	0.46866188767399364	0.3963586221607528	0.38003929143798204	0.02542538033977871	0.5945353282222392	reverted	0.0
ATCTATGGTCTGTGGC-E14S	5198.0	-0.24216847799528834	-0.32225195197654605	-0.7000108120504078	0.17306732887114756	0.9650296087807521	reverted	reverted	-0.7391960740045243	0.018815973422816396	0.35765186155625894	0.6235321650209247	-0.9367025080263046	0.895069293101809	0.17327964825022008	0.15857192883113233	0.6681484229186475	reverted	0.0
CTCTCGATCCGCGCTT-E14S	5573.0	-0.30382849181150773	-0.17284936346833144	4.828629534005405	0.9261372999598884	0.0007851113561179582	persistent	persistent	4.537559071051322	0.9999998493681865	1.4600619443916126e-07	4.625619014446919e-09	0.5251074380454389	0.26922715911384193	0.46547632875962186	0.018277102930536044	0.5162465683098421	persistent	1.0
GTGTCCTCAGGCATAT-E14S	5757.0	-0.1519068416821035	-0.2183380920426605	-1.6386338605143613	0.2084543473453473	0.9939076666716649	reverted	reverted	-1.612654140245868	0.011732212010313388	0.227026946714614	0.7612408412750725	1.1331295279990155	0.40142369492505486	0.8293473913064179	0.0075544955475813245	0.16309811314600067	reverted	0.0
GGCATAAGTTCCCATC-E14S	5746.0	-0.21005338444358423	-0.3045256500668102	-0.8948562567938814	0.1291590841305042	0.9755537658198238	reverted	reverted	-0.9192171765254369	0.015955347460042464	0.32821319049065195	0.6558314620493055	-0.4906526335079196	0.7227921754899376	0.18330352307303194	0.11755597358829807	0.6991405033386701	reverted	0.0
AACCACGCAAGTTAGC-E14S	5196.0	-0.1804824783478633	-0.24243268825550157	-1.2399387272969928	0.18298063946414161	0.9871289829184962	reverted	reverted	-1.2180362846358626	0.012974332953702278	0.27865303929797236	0.7083726277483254	-0.7722940358991075	0.9778755215999082	0.2019191325278779	0.13294118244537712	0.6651396850267449	reverted	0.0
GTGGACCCACCATGAG-E14S	5299.0	-0.2791710652237259	-0.313708295202569	-1.0064997417717676	0.18639773477652383	0.980118565259816	reverted	reverted	-1.0281447199609761	0.014744503195087985	0.3117601561605091	0.6734953406444028	0.1580850665510957	0.48950710106423945	0.2526938714166066	0.046852560435566785	0.7004535681478266	reverted	0.0
ATCCACAAGCTAGTAT-E14S	5374.0	-0.25493987503319887	-0.24168997139832726	-1.4481139552533975	0.19359638823854286	0.9912847720748273	reverted	reverted	-1.437805383911553	0.01208242111895267	0.2508648880899983	0.737052690791049	-0.7059897773747491	0.9503426153207848	0.20324041427984466	0.12867117857296484	0.6680884071471905	reverted	0.0
CCATCAGGTTGTCCAG-E14S	5374.0	-0.23049556664404441	-0.25187623073058973	-1.9128081991665042	0.26427470107934437	0.9963655878381946	reverted	reverted	-1.8771071152119865	0.011948007549132264	0.19553379028215467	0.792518202168713	0.09405832267047433	0.6630271542141537	0.26362618737966126	0.06156940954394667	0.6748044030763921	reverted	0.0
TAACGCGCACTCGCAT-E14S	5416.0	-0.30382849181150773	-0.3300367109077291	-1.1209435185173653	0.1886392465606279	0.9839291472630373	reverted	reverted	-1.1663649047872737	0.013761322995179799	0.2952921056389048	0.6909465713659153	0.5501706846500721	0.49754208753790163	0.4044782761200121	0.027809078285339957	0.567712645594648	reverted	0.0
ATTCCTTGTTCGATGT-E14S	5318.0	-0.19373053236049542	0.1824182400681304	2.368339297926161	0.3659037730912727	0.07647767161374038	persistent	persistent	2.236864897441613	0.965250917002647	0.0290830883333781	0.005665994663975041	-1.0902895755488249	0.8784003756281796	0.15777220345891207	0.1822441632363923	0.6599836333046957	persistent	1.0
GGCCTAGTCCGTCCTA-E14S	5313.0	-0.27921115475652486	-0.2699975053968288	-0.09764497362267226	0.22546812836780591	0.8981912479696957	reverted	reverted	-0.12271261393021758	0.03870140730085262	0.44895561892461705	0.5123429737745302	-0.736056479446192	0.9343199811397654	0.19779423628856774	0.13255114525397632	0.669654618457456	reverted	0.0
CAACCAGCAATCTCTG-E14S	5256.0	-0.2790470362971866	-0.35794250679902184	-1.8690370508049927	0.27919045588716346	0.9960528299796974	reverted	reverted	-1.8452720765092825	0.011856039180059764	0.20033625014157963	0.7878077106783606	-0.723079320055912	0.954783519242526	0.20243466630366144	0.12996707192718843	0.6675982617691502	reverted	0.0
ACGAAGGTCAGCACCG-E14S	6002.0	-0.2810233530345366	-0.3610899741955423	-2.152049060940301	0.250570629256134	0.9976862890606609	reverted	reverted	-2.102675688411284	0.012875186107861862	0.17078974730323476	0.8163350665889033	-0.6824995930495655	0.9488305209684232	0.20514100381302994	0.12661912470189393	0.6682398714850761	reverted	0.0
