id,name,read,pattern,sequence,feature_type
sgbc-tsb-v2-1,sbc1,R2,5P(BC),CCGAAATTCACCAGA,Antibody Capture
sgbc-tsb-v2-2,sbc2,R2,5P(BC),TGATTCTCCGGGACC,Antibody Capture
sgbc-tsb-v2-3,sbc3,R2,5P(BC),TGGGAAATCTTGAGA,Antibody Capture
sgbc-tsb-v2-4,sbc4,R2,5P(BC),AACAGGTAAGGCGAG,Antibody Capture
sgbc-tsb-v2-5,sbc5,R2,5P(BC),GGTCACCAACGACCT,Antibody Capture
sgbc-tsb-v2-6,sbc6,R2,5P(BC),CCCTGTCCTGTCGAC,Antibody Capture
sgbc-tsb-v2-7,sbc7,R2,5P(BC),TGGCAGTAAAGAATG,Antibody Capture
sgbc-tsb-v2-8,sbc8,R2,5P(BC),GGCACACCTTTAATC,Antibody Capture
sgbc-tsb-v2-9,sbc9,R2,5P(BC),TACAACCAAAGGATA,Antibody Capture
sgbc-tsb-v2-10,sbc10,R2,5P(BC),TAGAAGAAGTATCTC,Antibody Capture
sgbc-tsb-v2-11,sbc11,R2,5P(BC),TTTCTGCGAACCACA,Antibody Capture
sgbc-tsb-v2-12,sbc12,R2,5P(BC),TCCACACGTCGCGTA,Antibody Capture
sgbc-tsb-v2-13,sbc13,R2,5P(BC),ACGGGCCTAAGACGT,Antibody Capture
sgbc-tsb-v2-14,sbc14,R2,5P(BC),GCTTCGGAGCCAATA,Antibody Capture
sgbc-tsb-v2-15,sbc15,R2,5P(BC),AGCCCGAGTGAATGA,Antibody Capture
sgbc-tsb-v2-16,sbc16,R2,5P(BC),GAGCAACTAGTCTTG,Antibody Capture
sgbc-tsb-v2-17,sbc17,R2,5P(BC),CACTAACTGCGCATC,Antibody Capture
sgbc-tsb-v2-18,sbc18,R2,5P(BC),AAGTACGTGTTACTT,Antibody Capture
sgbc-tsb-v2-19,sbc19,R2,5P(BC),ATCGAATGGATCGTT,Antibody Capture
sgbc-tsb-v2-20,sbc20,R2,5P(BC),TAACCCTGTGCTGTC,Antibody Capture
sgbc-tsb-v2-21,sbc21,R2,5P(BC),AACAGGTGAATTATG,Antibody Capture
sgbc-tsb-v2-22,sbc22,R2,5P(BC),GGACCATGGGCAAGG,Antibody Capture
sgbc-tsb-v2-23,sbc23,R2,5P(BC),GTAGCTCACATCATG,Antibody Capture
sgbc-tsb-v2-24,sbc24,R2,5P(BC),TTTATGTTCGCCCAG,Antibody Capture
sgbc-tsb-v2-25,sbc25,R2,5P(BC),CACAGGACGGCCATT,Antibody Capture
sgbc-tsb-v2-26,sbc26,R2,5P(BC),ACATGGATCCTCTAC,Antibody Capture
sgbc-tsb-v2-27,sbc27,R2,5P(BC),TTCCCTCGGTTTCTA,Antibody Capture
sgbc-tsb-v2-28,sbc28,R2,5P(BC),ATTAACAATCGCCGG,Antibody Capture
sgbc-tsb-v2-29,sbc29,R2,5P(BC),TTGTAGTCGCAGTCC,Antibody Capture
sgbc-tsb-v2-30,sbc30,R2,5P(BC),GTAGGCACGAGACCC,Antibody Capture
sgbc-tsb-v2-31,sbc31,R2,5P(BC),ACTTACCATCGGAAT,Antibody Capture
sgbc-tsb-v2-32,sbc32,R2,5P(BC),CGGTGTCATGACTGA,Antibody Capture
sgbc-tsb-v2-33,sbc33,R2,5P(BC),CCCGTTAGCTTAGAT,Antibody Capture
sgbc-tsb-v2-34,sbc34,R2,5P(BC),CAGTAACCGAAGTCA,Antibody Capture
sgbc-tsb-v2-35,sbc35,R2,5P(BC),CGTTGTGCTACACCC,Antibody Capture
sgbc-tsb-v2-36,sbc36,R2,5P(BC),GCCTGGAATTGTGTT,Antibody Capture
sgbc-tsb-v2-37,sbc37,R2,5P(BC),GGCCATGCCCTCATC,Antibody Capture
sgbc-tsb-v2-38,sbc38,R2,5P(BC),GGGTGTTCCCTTCAA,Antibody Capture
sgbc-tsb-v2-39,sbc39,R2,5P(BC),GTGTACCAGAAATAA,Antibody Capture
sgbc-tsb-v2-40,sbc40,R2,5P(BC),CGTCCAGCACAGCAT,Antibody Capture
sgbc-tsb-v2-41,sbc41,R2,5P(BC),AACGTCCCATGTTTG,Antibody Capture
sgbc-tsb-v2-42,sbc42,R2,5P(BC),TAGTGAGTACACGGC,Antibody Capture
sgbc-tsb-v2-43,sbc43,R2,5P(BC),TCACGGTAGGATTGC,Antibody Capture
sgbc-tsb-v2-44,sbc44,R2,5P(BC),GTAAACATGAGAGGG,Antibody Capture
sgbc-tsb-v2-45,sbc45,R2,5P(BC),ACATCTATGTCCACT,Antibody Capture
sgbc-tsb-v2-46,sbc46,R2,5P(BC),GGCATTTATGTCCCA,Antibody Capture
sgbc-tsb-v2-47,sbc47,R2,5P(BC),CGCGGTGCCTTTGCT,Antibody Capture
sgbc-tsb-v2-48,sbc48,R2,5P(BC),CCAAGATGTCGCCGG,Antibody Capture
sgbc-tsb-v2-49,sbc49,R2,5P(BC),GATACGCGAAGAAAT,Antibody Capture
sgbc-tsb-v2-50,sbc50,R2,5P(BC),CGTCTGAGCCTAGCG,Antibody Capture
sgbc-tsb-v2-51,sbc51,R2,5P(BC),ACTCCTAACGACAAT,Antibody Capture
sgbc-tsb-v2-52,sbc52,R2,5P(BC),GAGTCTGTGAAGGAT,Antibody Capture
sgbc-tsb-v2-53,sbc53,R2,5P(BC),TTTATGCGGGTTTCT,Antibody Capture
sgbc-tsb-v2-54,sbc54,R2,5P(BC),GTCCAGCGCTTGTCG,Antibody Capture
sgbc-tsb-v2-55,sbc55,R2,5P(BC),CGCTGTACTTCGTAT,Antibody Capture
sgbc-tsb-v2-56,sbc56,R2,5P(BC),AGATGAAGCCGTGAG,Antibody Capture
sgbc-tsb-v2-57,sbc57,R2,5P(BC),ATCCTCACTAGTGTG,Antibody Capture
sgbc-tsb-v2-58,sbc58,R2,5P(BC),TCCCGGACATCAGGG,Antibody Capture
sgbc-tsb-v2-59,sbc59,R2,5P(BC),TGCGGTAGACGAAAT,Antibody Capture
sgbc-tsb-v2-60,sbc60,R2,5P(BC),CAAACGGGTAATACG,Antibody Capture
sgbc-tsb-v2-61,sbc61,R2,5P(BC),GGCAACCATACCAAC,Antibody Capture
sgbc-tsb-v2-62,sbc62,R2,5P(BC),AATTTGACAGACAGC,Antibody Capture
sgbc-tsb-v2-63,sbc63,R2,5P(BC),TTCGTCGGGACGCCT,Antibody Capture
sgbc-tsb-v2-64,sbc64,R2,5P(BC),GTGCACTTGCAGGTA,Antibody Capture
sgbc-tsb-v2-65,sbc65,R2,5P(BC),GAAGACCATGGGATG,Antibody Capture
sgbc-tsb-v2-66,sbc66,R2,5P(BC),GCATCGCTGTCGAGG,Antibody Capture
sgbc-tsb-v2-67,sbc67,R2,5P(BC),CAGGTGGGCTTCTAT,Antibody Capture
sgbc-tsb-v2-68,sbc68,R2,5P(BC),TTTCGTGTTTGACAC,Antibody Capture
sgbc-tsb-v2-69,sbc69,R2,5P(BC),GTTTCGTCAGAGGCA,Antibody Capture
sgbc-tsb-v2-70,sbc70,R2,5P(BC),GGGCGGACTACTACT,Antibody Capture
sgbc-tsb-v2-71,sbc71,R2,5P(BC),TTTAGCTAGGTGCCC,Antibody Capture
sgbc-tsb-v2-72,sbc72,R2,5P(BC),AGTCACCGAGCTGGA,Antibody Capture
sgbc-tsb-v2-73,sbc73,R2,5P(BC),TTAAGCTTCCCGCTT,Antibody Capture
sgbc-tsb-v2-74,sbc74,R2,5P(BC),ATGTGTTCGGGCGGG,Antibody Capture
sgbc-tsb-v2-75,sbc75,R2,5P(BC),CGATCGCGATCTGAG,Antibody Capture
sgbc-tsb-v2-76,sbc76,R2,5P(BC),AGGTCACGCGGCACA,Antibody Capture
sgbc-tsb-v2-77,sbc77,R2,5P(BC),TCGACCTTCGGCAGA,Antibody Capture
sgbc-tsb-v2-78,sbc78,R2,5P(BC),ATCGCTTGCGGTGAG,Antibody Capture
sgbc-tsb-v2-79,sbc79,R2,5P(BC),GTCATGCGTAGCCAA,Antibody Capture
sgbc-tsb-v2-80,sbc80,R2,5P(BC),TAGGAGGATCCATTA,Antibody Capture
sgbc-tsb-v2-81,sbc81,R2,5P(BC),TGGTGTTACGCACAG,Antibody Capture
sgbc-tsb-v2-82,sbc82,R2,5P(BC),CGTGTTCAGCCCAAC,Antibody Capture
sgbc-tsb-v2-83,sbc83,R2,5P(BC),GCTAAGCCTTACAAC,Antibody Capture
sgbc-tsb-v2-84,sbc84,R2,5P(BC),CTTTGCGCGAACCGC,Antibody Capture
sgbc-tsb-v2-85,sbc85,R2,5P(BC),CCTTATACTTATGGG,Antibody Capture
sgbc-tsb-v2-86,sbc86,R2,5P(BC),GAAACGTGGAAACGT,Antibody Capture
sgbc-tsb-v2-87,sbc87,R2,5P(BC),ATTGTGGTGTCGAAA,Antibody Capture
sgbc-tsb-v2-88,sbc88,R2,5P(BC),AAGAATCGACAACTA,Antibody Capture
sgbc-tsb-v2-89,sbc89,R2,5P(BC),TCTTGTAGTCGCGAA,Antibody Capture
sgbc-tsb-v2-90,sbc90,R2,5P(BC),CCTCTTCTTCCACCA,Antibody Capture
sgbc-tsb-v2-91,sbc91,R2,5P(BC),GGAAGCTCGACGAGC,Antibody Capture
sgbc-tsb-v2-92,sbc92,R2,5P(BC),TCCTGTCAGGTAATT,Antibody Capture
sgbc-tsb-v2-93,sbc93,R2,5P(BC),TGCATAAACTGTCAT,Antibody Capture
sgbc-tsb-v2-94,sbc94,R2,5P(BC),AGCGAGACATATATC,Antibody Capture
sgbc-tsb-v2-95,sbc95,R2,5P(BC),CTTTAAGGTTGTCTG,Antibody Capture
sgbc-tsb-v2-96,sbc96,R2,5P(BC),AACATCATACCTCCG,Antibody Capture
sgbc-tsb-v2-97,sbc97,R2,5P(BC),ACTAGATTGGCAGCG,Antibody Capture
sgbc-tsb-v2-98,sbc98,R2,5P(BC),TGGCATCCTTCGGAC,Antibody Capture
sgbc-tsb-v2-99,sbc99,R2,5P(BC),CCCTTAGGATCGAGA,Antibody Capture
sgbc-tsb-v2-100,sbc100,R2,5P(BC),GAACGAAGTCCGCTC,Antibody Capture
sgbc-tsb-v2-101,sbc101,R2,5P(BC),AGAGGGAGGTCCGGT,Antibody Capture
sgbc-tsb-v2-102,sbc102,R2,5P(BC),TTGTTAAAGTGTGGA,Antibody Capture
sgbc-tsb-v2-103,sbc103,R2,5P(BC),AATAGCGTTCTACTC,Antibody Capture
sgbc-tsb-v2-104,sbc104,R2,5P(BC),CTTATATGACTAGGT,Antibody Capture
sgbc-tsb-v2-105,sbc105,R2,5P(BC),CTGGATAGGTCACTT,Antibody Capture
sgbc-tsb-v2-106,sbc106,R2,5P(BC),GCCGATCGGATAGGA,Antibody Capture
sgbc-tsb-v2-107,sbc107,R2,5P(BC),GTCCCTGCCATTTGA,Antibody Capture
sgbc-tsb-v2-108,sbc108,R2,5P(BC),TTGGTGAGGCGTAAA,Antibody Capture
sgbc-tsb-v2-109,sbc109,R2,5P(BC),GTTGGAAGATTTACG,Antibody Capture
sgbc-tsb-v2-110,sbc110,R2,5P(BC),ACCCTTCCAAATAAT,Antibody Capture
sgbc-tsb-v2-111,sbc111,R2,5P(BC),GGAACGACAGTGCAT,Antibody Capture
sgbc-tsb-v2-112,sbc112,R2,5P(BC),CTTTAAGGCGTGGAA,Antibody Capture
sgbc-tsb-v2-113,sbc113,R2,5P(BC),TAGCCGATGGTATCG,Antibody Capture
sgbc-tsb-v2-114,sbc114,R2,5P(BC),TGTAATTGCCATCAA,Antibody Capture
sgbc-tsb-v2-115,sbc115,R2,5P(BC),TCAGCTATGGTATGT,Antibody Capture
sgbc-tsb-v2-116,sbc116,R2,5P(BC),AGGCATGGTTGGATT,Antibody Capture
sgbc-tsb-v2-117,sbc117,R2,5P(BC),CGGTCACAAGCGTCT,Antibody Capture
sgbc-tsb-v2-118,sbc118,R2,5P(BC),CACACTTAGTTGGGC,Antibody Capture
sgbc-tsb-v2-119,sbc119,R2,5P(BC),TATCTGGGAAACCGC,Antibody Capture
sgbc-tsb-v2-120,sbc120,R2,5P(BC),TTCTTCGTTAGGAAA,Antibody Capture
sgbc-tsb-v2-121,sbc121,R2,5P(BC),ACTATACATCTGTAG,Antibody Capture
sgbc-tsb-v2-122,sbc122,R2,5P(BC),CACTAACACCTGCTT,Antibody Capture
sgbc-tsb-v2-123,sbc123,R2,5P(BC),GTTCGATTTATGAAC,Antibody Capture
sgbc-tsb-v2-124,sbc124,R2,5P(BC),CAACATGAATAGCCG,Antibody Capture
sgbc-tsb-v2-125,sbc125,R2,5P(BC),GAGCCTCCAATCTGT,Antibody Capture
sgbc-tsb-v2-126,sbc126,R2,5P(BC),CGCCGAGGCATGTAG,Antibody Capture
sgbc-tsb-v2-127,sbc127,R2,5P(BC),GCTATTCCTAAGCAC,Antibody Capture
sgbc-tsb-v2-128,sbc128,R2,5P(BC),ACAATCCTATACACG,Antibody Capture
sgbc-tsb-v2-129,sbc129,R2,5P(BC),CAATTCGGGTCGACA,Antibody Capture
sgbc-tsb-v2-130,sbc130,R2,5P(BC),CCGTGGTTCAGCTTC,Antibody Capture
sgbc-tsb-v2-131,sbc131,R2,5P(BC),AAACTCCAATGGATT,Antibody Capture
sgbc-tsb-v2-132,sbc132,R2,5P(BC),GTCCGCAAACGCGTG,Antibody Capture
sgbc-tsb-v2-133,sbc133,R2,5P(BC),CGAGACACGCGCTCA,Antibody Capture
sgbc-tsb-v2-134,sbc134,R2,5P(BC),CCCTGGGCACACCTT,Antibody Capture
sgbc-tsb-v2-135,sbc135,R2,5P(BC),TCATCTCGCGGTGCA,Antibody Capture
sgbc-tsb-v2-136,sbc136,R2,5P(BC),GGTTGACTCGTTCAT,Antibody Capture
sgbc-tsb-v2-137,sbc137,R2,5P(BC),CTCTATGTGGTCATC,Antibody Capture
sgbc-tsb-v2-138,sbc138,R2,5P(BC),CCTTGGAGGTTCTTT,Antibody Capture
sgbc-tsb-v2-139,sbc139,R2,5P(BC),GATAAATAACACACC,Antibody Capture
sgbc-tsb-v2-140,sbc140,R2,5P(BC),ATCTCAATCCCTTTA,Antibody Capture
sgbc-tsb-v2-141,sbc141,R2,5P(BC),TGTAGTTTGATGAGC,Antibody Capture
sgbc-tsb-v2-142,sbc142,R2,5P(BC),AACACCAGGTCTCAA,Antibody Capture
sgbc-tsb-v2-143,sbc143,R2,5P(BC),GAAGAATGTTGTCCC,Antibody Capture
sgbc-tsb-v2-144,sbc144,R2,5P(BC),AACTGCTTACGCTTT,Antibody Capture
sgbc-tsb-v2-145,sbc145,R2,5P(BC),TCTGGTCGAACCTAA,Antibody Capture
sgbc-tsb-v2-146,sbc146,R2,5P(BC),TAGACTGTCCTTACG,Antibody Capture
sgbc-tsb-v2-147,sbc147,R2,5P(BC),GCCATCTCTCGCCAG,Antibody Capture
sgbc-tsb-v2-148,sbc148,R2,5P(BC),TGGGAGCGCGAGAAA,Antibody Capture
sgbc-tsb-v2-149,sbc149,R2,5P(BC),CCCTTCGTAGGGCGT,Antibody Capture
sgbc-tsb-v2-150,sbc150,R2,5P(BC),GCCTGCCCTTCTCCT,Antibody Capture
sgbc-tsb-v2-151,sbc151,R2,5P(BC),TGGAACAACGCTTAG,Antibody Capture
sgbc-tsb-v2-152,sbc152,R2,5P(BC),AGGAATCCGACACAC,Antibody Capture
sgbc-tsb-v2-153,sbc153,R2,5P(BC),TTCAGGACGTTACGT,Antibody Capture
sgbc-tsb-v2-154,sbc154,R2,5P(BC),ACCATTAATTCTGCT,Antibody Capture
sgbc-tsb-v2-155,sbc155,R2,5P(BC),GCGTAGCACGGTAGC,Antibody Capture
sgbc-tsb-v2-156,sbc156,R2,5P(BC),TGGAAAGGGCCAACT,Antibody Capture
sgbc-tsb-v2-157,sbc157,R2,5P(BC),TACTAAAGTTGCGAG,Antibody Capture
sgbc-tsb-v2-158,sbc158,R2,5P(BC),AACTCCCATACAGCT,Antibody Capture
sgbc-tsb-v2-159,sbc159,R2,5P(BC),GACATGCCCATTGGT,Antibody Capture
sgbc-tsb-v2-160,sbc160,R2,5P(BC),CAATTGCATCTGACT,Antibody Capture
sgbc-tsb-v2-161,sbc161,R2,5P(BC),ACAGTCAAAGCGGGT,Antibody Capture
sgbc-tsb-v2-162,sbc162,R2,5P(BC),TTATCAGGACTTCCA,Antibody Capture
sgbc-tsb-v2-163,sbc163,R2,5P(BC),ATGGACAAGGCCTCC,Antibody Capture
sgbc-tsb-v2-164,sbc164,R2,5P(BC),GTGTCGGCACTGGTG,Antibody Capture
sgbc-tsb-v2-165,sbc165,R2,5P(BC),CACTGTGGGTCACCC,Antibody Capture
sgbc-tsb-v2-166,sbc166,R2,5P(BC),GTGGTCCGAACAATT,Antibody Capture
sgbc-tsb-v2-167,sbc167,R2,5P(BC),ACATCTAGAACCGGA,Antibody Capture
sgbc-tsb-v2-168,sbc168,R2,5P(BC),AGGGATACATAACCT,Antibody Capture
sgbc-tsb-v2-169,sbc169,R2,5P(BC),CCCAATGGAAGCTTG,Antibody Capture
sgbc-tsb-v2-170,sbc170,R2,5P(BC),GGATTGGTCTCCCGA,Antibody Capture
sgbc-tsb-v2-171,sbc171,R2,5P(BC),CGGTACTCATGCCAC,Antibody Capture
sgbc-tsb-v2-172,sbc172,R2,5P(BC),AGTCGCAACTGCCCA,Antibody Capture
sgbc-tsb-v2-173,sbc173,R2,5P(BC),GGGCCCGTGATCTAG,Antibody Capture
sgbc-tsb-v2-174,sbc174,R2,5P(BC),TACACAAGTTAGGCC,Antibody Capture
sgbc-tsb-v2-175,sbc175,R2,5P(BC),CCACGCCCTGACTAA,Antibody Capture
sgbc-tsb-v2-176,sbc176,R2,5P(BC),GCAGAGCGGTAGACG,Antibody Capture
sgbc-tsb-v2-177,sbc177,R2,5P(BC),AGCCTGTCTGTCGGT,Antibody Capture
sgbc-tsb-v2-178,sbc178,R2,5P(BC),TTGCGTAGGGTCTCA,Antibody Capture
sgbc-tsb-v2-179,sbc179,R2,5P(BC),ACACATGTAAAGAGC,Antibody Capture
sgbc-tsb-v2-180,sbc180,R2,5P(BC),TTGCACAAATGCGAA,Antibody Capture
sgbc-tsb-v2-181,sbc181,R2,5P(BC),CTCTCACCCGCTGTG,Antibody Capture
sgbc-tsb-v2-182,sbc182,R2,5P(BC),CGAAGGGTGGTGAGG,Antibody Capture
sgbc-tsb-v2-183,sbc183,R2,5P(BC),GTAGTCGTGGGAAGG,Antibody Capture
sgbc-tsb-v2-184,sbc184,R2,5P(BC),TCTCGATGTCATTTA,Antibody Capture
sgbc-tsb-v2-185,sbc185,R2,5P(BC),TGTTAGGGCGGTAAG,Antibody Capture
sgbc-tsb-v2-186,sbc186,R2,5P(BC),CCTCAAGCAGGTTAA,Antibody Capture
sgbc-tsb-v2-187,sbc187,R2,5P(BC),ACTGTATAATTGGAC,Antibody Capture
sgbc-tsb-v2-188,sbc188,R2,5P(BC),TATCGTCTCATCAGC,Antibody Capture
sgbc-tsb-v2-189,sbc189,R2,5P(BC),GCACTAGTACGCCGC,Antibody Capture
sgbc-tsb-v2-190,sbc190,R2,5P(BC),AGGGCGCCCTAATAA,Antibody Capture
sgbc-tsb-v2-191,sbc191,R2,5P(BC),TTACCACACGAACGA,Antibody Capture
sgbc-tsb-v2-192,sbc192,R2,5P(BC),GATAGATGATCCTTA,Antibody Capture
A0001,Ms.CD4,R2,5P(BC),AACAAGACCCTTGAG,Antibody Capture
A0002,Ms.CD8a,R2,5P(BC),TACCCGTAATAGCGT,Antibody Capture
A0003,Ms.CD366,R2,5P(BC),ATTGGCACTCAGATG,Antibody Capture
A0004,Ms.CD279,R2,5P(BC),GAAAGTCAAAGCACT,Antibody Capture
A0013,Ms.Ly.6C,R2,5P(BC),AAGTCGTGAGGCATG,Antibody Capture
A0014,HuMs.CD11b,R2,5P(BC),TGAAGGCTCATTTGT,Antibody Capture
A0015,Ms.Ly.6G,R2,5P(BC),ACATTGACGCAACTA,Antibody Capture
A0070,HuMs.CD49f,R2,5P(BC),TTCCGAGGATGATCT,Antibody Capture
A0073,HuMs.CD44,R2,5P(BC),TGGCTTCAGGTCCTA,Antibody Capture
A0074,Ms.CD54,R2,5P(BC),ATAACCGACACAGTG,Antibody Capture
A0075,Ms.CD90.2,R2,5P(BC),CCGATCAGCCGTTTA,Antibody Capture
A0077,Ms.CD73,R2,5P(BC),ACACTTAACGTCTGG,Antibody Capture
A0078,Ms.CD49d,R2,5P(BC),CGCTTGGACGCTTAA,Antibody Capture
A0079,Ms.CD200,R2,5P(BC),TCAATTCCGGTAGTC,Antibody Capture
A0090,Isotype_MOPC.21,R2,5P(BC),GCCGGACGACATTAA,Antibody Capture
A0091,Isotype_MOPC.173,R2,5P(BC),CTCCTACCTAAACTG,Antibody Capture
A0092,Isotype_MPC.11,R2,5P(BC),ATATGTATCACGCGA,Antibody Capture
A0093,Ms.CD19,R2,5P(BC),ATCAGCCATGTCAGT,Antibody Capture
A0095,Isotype_RTK4530,R2,5P(BC),GATTCTTGACGACCT,Antibody Capture
A0096,Ms.CD45,R2,5P(BC),TGGCTATGGAGCAGA,Antibody Capture
A0097,Ms.CD25,R2,5P(BC),ACCATGAGACACAGT,Antibody Capture
A0103,HuMs.CD45R_B220,R2,5P(BC),CCTACACCTCATAAT,Antibody Capture
A0104,Ms.CD102,R2,5P(BC),GATATTCAGTGCGAC,Antibody Capture
A0105,Ms.CD115,R2,5P(BC),TTCCGTTGTTGTGAG,Antibody Capture
A0106,Ms.CD11c,R2,5P(BC),GTTATGGACGCTTGC,Antibody Capture
A0107,Ms.CD21_CD35,R2,5P(BC),GGATAATTTCGATCC,Antibody Capture
A0108,Ms.CD23,R2,5P(BC),TCTCTTGGAAGATGA,Antibody Capture
A0110,Ms.CD43,R2,5P(BC),TTGGAGGGTTGTGCT,Antibody Capture
A0111,Ms.CD5,R2,5P(BC),CAGCTCAGTGTGTTG,Antibody Capture
A0112,Ms.CD62L,R2,5P(BC),TGGGCCTAAGTCATC,Antibody Capture
A0113,Ms.CD93,R2,5P(BC),GGTATTTCCTGTGGT,Antibody Capture
A0114,Ms.F4_80,R2,5P(BC),TTAACTTCAGCCCGT,Antibody Capture
A0115,Ms.FceRIa,R2,5P(BC),AGTCACCTCGAAGCT,Antibody Capture
A0117,Ms.I.A_I.E,R2,5P(BC),GGTCACCAGTATGAT,Antibody Capture
A0118,Ms.NK.1.1,R2,5P(BC),GTAACATTACTCGTC,Antibody Capture
A0119,Ms.Siglec_H,R2,5P(BC),CCGCACCTACATTAG,Antibody Capture
A0120,Ms.TCR.Bchain,R2,5P(BC),TCCTATGGGACTCAG,Antibody Capture
A0121,Ms.TCR.RD_GL3,R2,5P(BC),AACCCAAATAGCTGA,Antibody Capture
A0122,Ms.TER.119,R2,5P(BC),GCGCGTTTGTGCTAT,Antibody Capture
A0130,Ms.Ly.6A_E,R2,5P(BC),TTCCTTTCCTACGCA,Antibody Capture
A0157,Ms.CD45.2,R2,5P(BC),CACCGTCATTCAACC,Antibody Capture
A0182,Ms.CD3,R2,5P(BC),GTATGTCCGCTCGAT,Antibody Capture
A0190,Ms.CD274,R2,5P(BC),TCGATTCCACCAACT,Antibody Capture
A0191,HuMsRt.CD27,R2,5P(BC),CAAGGTATGTCACTG,Antibody Capture
A0192,Ms.CD20,R2,5P(BC),TCCACTCCCTGTATA,Antibody Capture
A0193,Ms.CD357,R2,5P(BC),GGCACTCTGTAACAT,Antibody Capture
A0194,Ms.CD137,R2,5P(BC),TCCCTGTATAGATGA,Antibody Capture
A0195,Ms.CD134,R2,5P(BC),CTCACCTACCTATGG,Antibody Capture
A0197,Ms.CD69,R2,5P(BC),TTGTATTCCGCCATT,Antibody Capture
A0198,Ms.CD127,R2,5P(BC),GTGTGAGGCACTCTT,Antibody Capture
A0200,Ms.CD86,R2,5P(BC),CTGGATTTGTGTATC,Antibody Capture
A0201,Ms.CD103,R2,5P(BC),TTCATTAGCCCGCTG,Antibody Capture
A0202,Ms.CD64,R2,5P(BC),AGCAATTAACGGGAG,Antibody Capture
A0203,Ms.CD150,R2,5P(BC),CAACGCCTAGAAACC,Antibody Capture
A0212,Ms.CD24,R2,5P(BC),TATATCTTTGCCGCA,Antibody Capture
A0214,HuMs.integrin.b7,R2,5P(BC),TCCTTGGATGTACCG,Antibody Capture
A0226,Ms.CD106,R2,5P(BC),CGTTCCTACCTACCT,Antibody Capture
A0230,Ms.CD8b,R2,5P(BC),TTCCCTCTATGGAGC,Antibody Capture
A0236,Isotype_RTK2071,R2,5P(BC),ATCAGATGCCCTCAT,Antibody Capture
A0237,Isotype_G0114F7,R2,5P(BC),GGGAGCGATTCAACT,Antibody Capture
A0238,Isotype_RTK2758,R2,5P(BC),AAGTCAGGTTCGTTT,Antibody Capture
A0240,Isotype_RTK4174,R2,5P(BC),TCCAGGCTAGTCATT,Antibody Capture
A0241,Isotype_HTK888,R2,5P(BC),CCTGTCATTAAGACT,Antibody Capture
A0250,HuMs.KLRG1,R2,5P(BC),GTAGTAGGCTAGACC,Antibody Capture
A0378,Ms.CD223,R2,5P(BC),ATTCCGTCCCTAAGG,Antibody Capture
A0417,Ms.CD163,R2,5P(BC),GAGCAAGATTAAGAC,Antibody Capture
A0421,Ms.CD49b,R2,5P(BC),CGCGTTAGTAGAGTC,Antibody Capture
A0422,Ms.CD172a,R2,5P(BC),GATTCCCTTGTAGCA,Antibody Capture
A0429,Ms.CD48,R2,5P(BC),AGAACCGCCGTAGTT,Antibody Capture
A0431,Ms.CD170,R2,5P(BC),TCAATCTCCGTCGCT,Antibody Capture
A0440,Ms.CD169,R2,5P(BC),ATTGACGACAGTCAT,Antibody Capture
A0441,Ms.CD71,R2,5P(BC),ACCGACCAGTAGACA,Antibody Capture
A0443,Ms.CD41,R2,5P(BC),ACTTGGATGGACACT,Antibody Capture
A0450,Ms.IgM,R2,5P(BC),AGCTACGCATTCAAT,Antibody Capture
A0551,Ms.CD301a,R2,5P(BC),TGTATTTACTCACCG,Antibody Capture
A0552,Ms.CD304,R2,5P(BC),CCAGCTCATTCAACG,Antibody Capture
A0555,Ms.CD36,R2,5P(BC),TTTGCCGCTACGACA,Antibody Capture
A0557,Ms.CD38,R2,5P(BC),CGTATCCGTCTCCTA,Antibody Capture
A0558,Ms.CD55,R2,5P(BC),ATTGTTGTCAGACCA,Antibody Capture
A0559,Ms.CD63,R2,5P(BC),ATCCGACACGTATTA,Antibody Capture
A0560,Ms.CD68,R2,5P(BC),CTTTCTTTCACGGGA,Antibody Capture
A0561,Ms.CD79b,R2,5P(BC),TAACTCAGTGCGAGT,Antibody Capture
A0562,Ms.CD83,R2,5P(BC),TCTCAGGCTTCCTAG,Antibody Capture
A0563,Ms.CX3CR1,R2,5P(BC),CACTCTCAGTCCTAT,Antibody Capture
A0566,Ms.CD301b,R2,5P(BC),CTTGCCTTGCGATTT,Antibody Capture
A0567,Ms.Tim.4,R2,5P(BC),TGCTGGAGGGTATTC,Antibody Capture
A0568,MsRt.XCR1,R2,5P(BC),TCCATTACCCACGTT,Antibody Capture
A0570,MsRt.CD29,R2,5P(BC),ACGCATTCCTTGTGT,Antibody Capture
A0571,Ms.IgD,R2,5P(BC),TCATATCCGTTGTCC,Antibody Capture
A0595,Ms.CD11a,R2,5P(BC),AGAGTCTCCCTTTAG,Antibody Capture
A0807,Ms.CD200R,R2,5P(BC),ATTCTTTCCCTCTGT,Antibody Capture
A0809,Ms.CD200R3,R2,5P(BC),ATCAACTTGGAGCAG,Antibody Capture
A0810,Ms.CD138,R2,5P(BC),GCGTTTGTATGTACT,Antibody Capture
A0811,Ms.CD317,R2,5P(BC),TGTGGTAGCCCTTGT,Antibody Capture
A0813,Ms.CD9,R2,5P(BC),TAGCAGTCACTCCTA,Antibody Capture
A0825,Ms.CD371,R2,5P(BC),GCGAGAAATCTGCAT,Antibody Capture
A0827,Ms.CD22,R2,5P(BC),AGGTCCTCTCTGGAT,Antibody Capture
A0837,Ms.IL.33Ra,R2,5P(BC),GCGATGGAGCATGTT,Antibody Capture
A0839,Ms.Ly49H,R2,5P(BC),CCAGTAGGCTTATTA,Antibody Capture
A0841,Ms.Ly49D,R2,5P(BC),TATATCCCTCAACGC,Antibody Capture
A0842,Ms.Ly.49A,R2,5P(BC),AATTCCGTCAGATGA,Antibody Capture
A0846,Ms.CD185,R2,5P(BC),ACGTAGTCACCTAGT,Antibody Capture
A0850,Ms.CD49a,R2,5P(BC),CCATTCATTTGTGGC,Antibody Capture
A0851,Ms.CD1d,R2,5P(BC),CAACTTGGCCGAATC,Antibody Capture
A0852,Ms.CD226_10E5,R2,5P(BC),ACGCAGTATTTCCGA,Antibody Capture
A0854,Ms.CD199,R2,5P(BC),CCCTCTGGTATGGTT,Antibody Capture
A0877,Ms.JAML,R2,5P(BC),GTTATGGTTCGTGTT,Antibody Capture
A0881,Ms.CD272,R2,5P(BC),TGACCCTATTGAGAA,Antibody Capture
A0882,Ms.PIR.A_B,R2,5P(BC),TGTAGAGTCAGACCT,Antibody Capture
A0883,Ms.CD26,R2,5P(BC),ATGGCCTGTCATAAT,Antibody Capture
A0885,Ms.CD270,R2,5P(BC),GATCCGTGTTGCCTA,Antibody Capture
A0892,Ms.CD2,R2,5P(BC),TTGCCGTGTGTTTAA,Antibody Capture
A0893,Ms.CD120b,R2,5P(BC),GAAGCTGTATCCGAA,Antibody Capture
A0903,Ms.CD40,R2,5P(BC),ATTTGTATGCTGGAG,Antibody Capture
A0904,Ms.CD31,R2,5P(BC),GCTGTAGTATCATGT,Antibody Capture
A0905,Ms.CD107a,R2,5P(BC),AAATCTGTGCCGTAC,Antibody Capture
A0910,MsRt.CD61,R2,5P(BC),TTCTTTACCCGCCTG,Antibody Capture
A0915,Ms.VISTA,R2,5P(BC),ACATTTCCCTTGCCT,Antibody Capture
A0926,Ms.CD186,R2,5P(BC),TGTCAGGTTGTATTC,Antibody Capture
A0927,Ms.CD159a,R2,5P(BC),GTGTTTGTGTTCCTG,Antibody Capture
A0930,Ms.Ly108,R2,5P(BC),CGATTCTTTGCGAGT,Antibody Capture
A1006,Ms.CD160,R2,5P(BC),GCGTATGTCAGTACC,Antibody Capture
A1007,Ms.CD85k,R2,5P(BC),ATGTCAACTCTGGGA,Antibody Capture
A1008,Ms.CD51,R2,5P(BC),GGAGTCAGGGTATTA,Antibody Capture
A1009,Ms.CD94,R2,5P(BC),CACAGTTGTCCGTGT,Antibody Capture
A1010,Ms.CD205,R2,5P(BC),CATATTGGCCGTAGT,Antibody Capture
A1011,Ms.CD155,R2,5P(BC),TAGCTTGGGATTAAG,Antibody Capture
A1064,MsRt.CD81,R2,5P(BC),TTGTCACCAACTTCC,Antibody Capture
