neu_def,subset,lane,gate,vs,n_gate,n_neu,pct,n_DN,n_neu_DN,pct_DN,OR,p
annotated neutrophil,all UMI>=500,all,DP,DN,15891,313,1.9696683657416147,1700,11,0.6470588235294118,3.0851025338764457,2.3975449817504133e-05
annotated neutrophil,all UMI>=500,all,hypoxia_plus,DN,17884,764,4.271974949675688,1700,11,0.6470588235294118,6.85214528462192,1.5115662373289406e-18
annotated neutrophil,all UMI>=500,all,lactate_plus,DN,339,7,2.0648967551622417,1700,11,0.6470588235294118,3.237404162102957,0.0198826975722823
annotated neutrophil,all UMI>=500,all,DCF+_or_DP,DN,33775,1077,3.1887490747594374,1700,11,0.6470588235294118,5.057448606809424,3.125658667417389e-12
annotated neutrophil,all UMI>=500,E27,DP,DN,7615,158,2.0748522652659225,731,3,0.4103967168262654,5.141656609002727,0.0005759168939556
annotated neutrophil,all UMI>=500,E27,hypoxia_plus,DN,9289,427,4.596834966088922,731,3,0.4103967168262654,11.69246972090574,6.149314448130241e-11
annotated neutrophil,all UMI>=500,E27,lactate_plus,DN,221,2,0.9049773755656108,731,3,0.4103967168262654,2.2161339421613397,0.3294842344851066
annotated neutrophil,all UMI>=500,E27,DCF+_or_DP,DN,16904,585,3.4607193563653573,731,3,0.4103967168262654,8.699062442551627,7.129541608990683e-08
annotated neutrophil,all UMI>=500,E29,DP,DN,8276,155,1.872885451909135,969,8,0.8255933952528379,2.292744120182244,0.0191743919846226
annotated neutrophil,all UMI>=500,E29,hypoxia_plus,DN,8595,337,3.920884235020361,969,8,0.8255933952528379,4.902170622426738,1.698577784084052e-08
annotated neutrophil,all UMI>=500,E29,lactate_plus,DN,118,5,4.237288135593221,969,8,0.8255933952528379,5.315265486725664,0.0087219019468761
annotated neutrophil,all UMI>=500,E29,DCF+_or_DP,DN,16871,492,2.916246814059629,969,8,0.8255933952528379,3.608370474387936,2.0276526601413463e-05
annotated neutrophil,annotated,all,DP,DN,12794,313,2.446459277786462,902,11,1.2195121951219512,2.0313276179793287,0.0167157555856288
annotated neutrophil,annotated,all,hypoxia_plus,DN,14459,764,5.283906217580745,902,11,1.2195121951219512,4.518729463307777,4.896847968347119e-10
annotated neutrophil,annotated,all,lactate_plus,DN,255,7,2.7450980392156863,902,11,1.2195121951219512,2.286290322580645,0.0898155363655324
annotated neutrophil,annotated,all,DCF+_or_DP,DN,27253,1077,3.951858510989616,902,11,1.2195121951219512,3.33270935207824,2.528086296706756e-06
annotated neutrophil,annotated,E27,DP,DN,6584,158,2.399756986634265,369,3,0.8130081300813008,2.9996887643946466,0.0485500717313512
annotated neutrophil,annotated,E27,hypoxia_plus,DN,8151,427,5.2386210280947125,369,3,0.8130081300813008,6.744432936302434,8.678394334827704e-06
annotated neutrophil,annotated,E27,lactate_plus,DN,153,2,1.30718954248366,369,3,0.8130081300813008,1.6158940397350994,0.6329932244632246
annotated neutrophil,annotated,E27,DCF+_or_DP,DN,14735,585,3.970139124533424,369,3,0.8130081300813008,5.043816254416961,0.0005339470960475
annotated neutrophil,annotated,E29,DP,DN,6210,155,2.49597423510467,533,8,1.50093808630394,1.6799132947976878,0.1847148902277987
annotated neutrophil,annotated,E29,hypoxia_plus,DN,6308,337,5.342422320862397,533,8,1.50093808630394,3.70383939038687,1.7949399158277212e-05
annotated neutrophil,annotated,E29,lactate_plus,DN,102,5,4.901960784313726,533,8,1.50093808630394,3.3827319587628866,0.0427520786221067
annotated neutrophil,annotated,E29,DCF+_or_DP,DN,12518,492,3.930340309953667,533,8,1.50093808630394,2.6848079161816063,0.0024855579869171
any neutrophil (annotation|marker),all UMI>=500,all,DP,DN,15891,316,1.9885469762758796,1700,16,0.9411764705882352,2.1354093097913323,0.0013763931643531
any neutrophil (annotation|marker),all UMI>=500,all,hypoxia_plus,DN,17884,785,4.389398344889287,1700,16,0.9411764705882352,4.831934616059419,1.0739636382753788e-15
any neutrophil (annotation|marker),all UMI>=500,all,lactate_plus,DN,339,8,2.359882005899705,1700,16,0.9411764705882352,2.54380664652568,0.0464897444315529
any neutrophil (annotation|marker),all UMI>=500,all,DCF+_or_DP,DN,33775,1101,3.25980754996299,1700,16,0.9411764705882352,3.546558425659546,1.368917940028664e-09
any neutrophil (annotation|marker),all UMI>=500,E27,DP,DN,7615,161,2.1142481943532503,731,6,0.8207934336525308,2.6098962525713265,0.0124625855169537
any neutrophil (annotation|marker),all UMI>=500,E27,hypoxia_plus,DN,9289,438,4.7152546022176764,731,6,0.8207934336525308,5.9795503332956725,6.795739594828491e-09
any neutrophil (annotation|marker),all UMI>=500,E27,lactate_plus,DN,221,2,0.9049773755656108,731,6,0.8207934336525308,1.1035007610350076,1.0
any neutrophil (annotation|marker),all UMI>=500,E27,DCF+_or_DP,DN,16904,599,3.543539990534785,731,6,0.8207934336525308,4.439077992435858,5.975643392122112e-06
any neutrophil (annotation|marker),all UMI>=500,E29,DP,DN,8276,155,1.872885451909135,969,10,1.0319917440660475,1.8303780322620369,0.0711345753742799
any neutrophil (annotation|marker),all UMI>=500,E29,hypoxia_plus,DN,8595,347,4.037230948225712,969,10,1.0319917440660475,4.034590203685742,1.378084465242826e-07
any neutrophil (annotation|marker),all UMI>=500,E29,lactate_plus,DN,118,6,5.084745762711864,969,10,1.0319917440660475,5.1375,0.0046349104825082
any neutrophil (annotation|marker),all UMI>=500,E29,DCF+_or_DP,DN,16871,502,2.975520123288484,969,10,1.0319917440660475,2.941034883010569,0.0001012322306725
any neutrophil (annotation|marker),annotated,all,DP,DN,12794,316,2.469907769266844,902,14,1.5521064301552103,1.6063013761362857,0.0910969986068482
any neutrophil (annotation|marker),annotated,all,hypoxia_plus,DN,14459,785,5.4291444774880695,902,14,1.5521064301552103,3.641321381558328,7.1577495431539644e-09
any neutrophil (annotation|marker),annotated,all,lactate_plus,DN,255,7,2.7450980392156863,902,14,1.5521064301552103,1.7903225806451613,0.2840102942855094
any neutrophil (annotation|marker),annotated,all,DCF+_or_DP,DN,27253,1101,4.039922210398856,902,14,1.5521064301552103,2.670344797447887,3.867647732948513e-05
any neutrophil (annotation|marker),annotated,E27,DP,DN,6584,161,2.445321992709599,369,5,1.3550135501355014,1.8248170636774093,0.2202633018957529
any neutrophil (annotation|marker),annotated,E27,hypoxia_plus,DN,8151,438,5.373573794626426,369,5,1.3550135501355014,4.1341112407623495,0.0001615963389863
any neutrophil (annotation|marker),annotated,E27,lactate_plus,DN,153,2,1.30718954248366,369,5,1.3550135501355014,0.9642384105960264,1.0
any neutrophil (annotation|marker),annotated,E27,DCF+_or_DP,DN,14735,599,4.065151001017984,369,5,1.3550135501355014,3.084833050367855,0.0045325390387286
any neutrophil (annotation|marker),annotated,E29,DP,DN,6210,155,2.49597423510467,533,9,1.6885553470919326,1.4904119644004037,0.304371124812649
any neutrophil (annotation|marker),annotated,E29,hypoxia_plus,DN,6308,347,5.500951173113506,533,9,1.6885553470919326,3.3892150832261554,2.546081110088354e-05
any neutrophil (annotation|marker),annotated,E29,lactate_plus,DN,102,5,4.901960784313726,533,9,1.6885553470919326,3.0011454753722795,0.0582044260864824
any neutrophil (annotation|marker),annotated,E29,DCF+_or_DP,DN,12518,502,4.010225275603132,533,9,1.6885553470919326,2.432386447699364,0.0041428980247903
