Well Position in 384 Source Plate,Name,Sequence,96 Source Plate #,Chip Location (Row/Column),Oligo Location in Respect to the Chip (Row; Column)
A1,oli010001,TTGCT AGGAC CGGCC TTAAA GC CCTTG GCACC CGAGA ATTCC ACCGAAATTCACCAGAB AAAAA AAAAA AAAAA AAAAA AAAAA AAAAA,Plate 1,ROW 1,Row 1; Column 1-48
A3,oli010002,TTGCT AGGAC CGGCC TTAAA GC CCTTG GCACC CGAGA ATTCC ATGATTCTCCGGGACCB AAAAA AAAAA AAAAA AAAAA AAAAA AAAAA,Plate 1,ROW 2,Row 2; Column 1-48
A5,oli010003,TTGCT AGGAC CGGCC TTAAA GC CCTTG GCACC CGAGA ATTCC ATGGGAAATCTTGAGAB AAAAA AAAAA AAAAA AAAAA AAAAA AAAAA,Plate 1,ROW 3,Row 3; Column 1-48
A7,oli010004,TTGCT AGGAC CGGCC TTAAA GC CCTTG GCACC CGAGA ATTCC AAACAGGTAAGGCGAGB AAAAA AAAAA AAAAA AAAAA AAAAA AAAAA,Plate 1,ROW 4,Row 4; Column 1-48
A9,oli010005,TTGCT AGGAC CGGCC TTAAA GC CCTTG GCACC CGAGA ATTCC AGGTCACCAACGACCTB AAAAA AAAAA AAAAA AAAAA AAAAA AAAAA,Plate 1,ROW 5,Row 5; Column 1-48
A11,oli010006,TTGCT AGGAC CGGCC TTAAA GC CCTTG GCACC CGAGA ATTCC ACCCTGTCCTGTCGACB AAAAA AAAAA AAAAA AAAAA AAAAA AAAAA,Plate 1,ROW 6,Row 6; Column 1-48
A13,oli010007,TTGCT AGGAC CGGCC TTAAA GC CCTTG GCACC CGAGA ATTCC ATGGCAGTAAAGAATGB AAAAA AAAAA AAAAA AAAAA AAAAA AAAAA,Plate 1,ROW 7,Row 7; Column 1-48
A15,oli010008,TTGCT AGGAC CGGCC TTAAA GC CCTTG GCACC CGAGA ATTCC AGGCACACCTTTAATCB AAAAA AAAAA AAAAA AAAAA AAAAA AAAAA,Plate 1,ROW 8,Row 8; Column 1-48
A17,oli010009,TTGCT AGGAC CGGCC TTAAA GC CCTTG GCACC CGAGA ATTCC ATACAACCAAAGGATAB AAAAA AAAAA AAAAA AAAAA AAAAA AAAAA,Plate 1,ROW 9,Row 9; Column 1-48
A19,oli010010,TTGCT AGGAC CGGCC TTAAA GC CCTTG GCACC CGAGA ATTCC ATAGAAGAAGTATCTCB AAAAA AAAAA AAAAA AAAAA AAAAA AAAAA,Plate 1,ROW 10,Row 10; Column 1-48
A21,oli010011,TTGCT AGGAC CGGCC TTAAA GC CCTTG GCACC CGAGA ATTCC ATTTCTGCGAACCACAB AAAAA AAAAA AAAAA AAAAA AAAAA AAAAA,Plate 1,ROW 11,Row 11; Column 1-48
A23,oli010012,TTGCT AGGAC CGGCC TTAAA GC CCTTG GCACC CGAGA ATTCC ATCCACACGTCGCGTAB AAAAA AAAAA AAAAA AAAAA AAAAA AAAAA,Plate 1,ROW 12,Row 12; Column 1-48
B2,oli010097,TTGCT AGGAC CGGCC TTAAA GC CCTTG GCACC CGAGA ATTCC AACTAGATTGGCAGCGB AAAAA AAAAA AAAAA AAAAA AAAAA AAAAA,Plate 2,COLUMN 1,"Row 1-48, Column 1"
B4,oli010098,TTGCT AGGAC CGGCC TTAAA GC CCTTG GCACC CGAGA ATTCC ATGGCATCCTTCGGACB AAAAA AAAAA AAAAA AAAAA AAAAA AAAAA,Plate 2,COLUMN 2,"Row 1-48, Column 2"
B6,oli010099,TTGCT AGGAC CGGCC TTAAA GC CCTTG GCACC CGAGA ATTCC ACCCTTAGGATCGAGAB AAAAA AAAAA AAAAA AAAAA AAAAA AAAAA,Plate 2,COLUMN 3,"Row 1-48, Column 3"
B8,oli010100,TTGCT AGGAC CGGCC TTAAA GC CCTTG GCACC CGAGA ATTCC AGAACGAAGTCCGCTCB AAAAA AAAAA AAAAA AAAAA AAAAA AAAAA,Plate 2,COLUMN 4,"Row 1-48, Column 4"
B10,oli010101,TTGCT AGGAC CGGCC TTAAA GC CCTTG GCACC CGAGA ATTCC AAGAGGGAGGTCCGGTB AAAAA AAAAA AAAAA AAAAA AAAAA AAAAA,Plate 2,COLUMN 5,"Row 1-48, Column 5"
B12,oli010102,TTGCT AGGAC CGGCC TTAAA GC CCTTG GCACC CGAGA ATTCC ATTGTTAAAGTGTGGAB AAAAA AAAAA AAAAA AAAAA AAAAA AAAAA,Plate 2,COLUMN 6,"Row 1-48, Column 6"
B14,oli010103,TTGCT AGGAC CGGCC TTAAA GC CCTTG GCACC CGAGA ATTCC AAATAGCGTTCTACTCB AAAAA AAAAA AAAAA AAAAA AAAAA AAAAA,Plate 2,COLUMN 7,"Row 1-48, Column 7"
B16,oli010104,TTGCT AGGAC CGGCC TTAAA GC CCTTG GCACC CGAGA ATTCC ACTTATATGACTAGGTB AAAAA AAAAA AAAAA AAAAA AAAAA AAAAA,Plate 2,COLUMN 8,"Row 1-48, Column 8"
B18,oli010105,TTGCT AGGAC CGGCC TTAAA GC CCTTG GCACC CGAGA ATTCC ACTGGATAGGTCACTTB AAAAA AAAAA AAAAA AAAAA AAAAA AAAAA,Plate 2,COLUMN 9,"Row 1-48, Column 9"
B20,oli010106,TTGCT AGGAC CGGCC TTAAA GC CCTTG GCACC CGAGA ATTCC AGCCGATCGGATAGGAB AAAAA AAAAA AAAAA AAAAA AAAAA AAAAA,Plate 2,COLUMN 10,"Row 1-48, Column 10"
B22,oli010107,TTGCT AGGAC CGGCC TTAAA GC CCTTG GCACC CGAGA ATTCC AGTCCCTGCCATTTGAB AAAAA AAAAA AAAAA AAAAA AAAAA AAAAA,Plate 2,COLUMN 11,"Row 1-48, Column 11"
B24,oli010108,TTGCT AGGAC CGGCC TTAAA GC CCTTG GCACC CGAGA ATTCC ATTGGTGAGGCGTAAAB AAAAA AAAAA AAAAA AAAAA AAAAA AAAAA,Plate 2,COLUMN 12,"Row 1-48, Column 12"
C1,oli010013,TTGCT AGGAC CGGCC TTAAA GC CCTTG GCACC CGAGA ATTCC AACGGGCCTAAGACGTB AAAAA AAAAA AAAAA AAAAA AAAAA AAAAA,Plate 1,ROW 13,Row 13; Column 1-48
C3,oli010014,TTGCT AGGAC CGGCC TTAAA GC CCTTG GCACC CGAGA ATTCC AGCTTCGGAGCCAATAB AAAAA AAAAA AAAAA AAAAA AAAAA AAAAA,Plate 1,ROW 14,Row 14; Column 1-48
C5,oli010015,TTGCT AGGAC CGGCC TTAAA GC CCTTG GCACC CGAGA ATTCC AAGCCCGAGTGAATGAB AAAAA AAAAA AAAAA AAAAA AAAAA AAAAA,Plate 1,ROW 15,Row 15; Column 1-48
C7,oli010016,TTGCT AGGAC CGGCC TTAAA GC CCTTG GCACC CGAGA ATTCC AGAGCAACTAGTCTTGB AAAAA AAAAA AAAAA AAAAA AAAAA AAAAA,Plate 1,ROW 16,Row 16; Column 1-48
C9,oli010017,TTGCT AGGAC CGGCC TTAAA GC CCTTG GCACC CGAGA ATTCC ACACTAACTGCGCATCB AAAAA AAAAA AAAAA AAAAA AAAAA AAAAA,Plate 1,ROW 17,Row 17; Column 1-48
C11,oli010018,TTGCT AGGAC CGGCC TTAAA GC CCTTG GCACC CGAGA ATTCC AAAGTACGTGTTACTTB AAAAA AAAAA AAAAA AAAAA AAAAA AAAAA,Plate 1,ROW 18,Row 18; Column 1-48
C13,oli010019,TTGCT AGGAC CGGCC TTAAA GC CCTTG GCACC CGAGA ATTCC AATCGAATGGATCGTTB AAAAA AAAAA AAAAA AAAAA AAAAA AAAAA,Plate 1,ROW 19,Row 19; Column 1-48
C15,oli010020,TTGCT AGGAC CGGCC TTAAA GC CCTTG GCACC CGAGA ATTCC ATAACCCTGTGCTGTCB AAAAA AAAAA AAAAA AAAAA AAAAA AAAAA,Plate 1,ROW 20,Row 20; Column 1-48
C17,oli010021,TTGCT AGGAC CGGCC TTAAA GC CCTTG GCACC CGAGA ATTCC AAACAGGTGAATTATGB AAAAA AAAAA AAAAA AAAAA AAAAA AAAAA,Plate 1,ROW 21,Row 21; Column 1-48
C19,oli010022,TTGCT AGGAC CGGCC TTAAA GC CCTTG GCACC CGAGA ATTCC AGGACCATGGGCAAGGB AAAAA AAAAA AAAAA AAAAA AAAAA AAAAA,Plate 1,ROW 22,Row 22; Column 1-48
C21,oli010023,TTGCT AGGAC CGGCC TTAAA GC CCTTG GCACC CGAGA ATTCC AGTAGCTCACATCATGB AAAAA AAAAA AAAAA AAAAA AAAAA AAAAA,Plate 1,ROW 23,Row 23; Column 1-48
C23,oli010024,TTGCT AGGAC CGGCC TTAAA GC CCTTG GCACC CGAGA ATTCC ATTTATGTTCGCCCAGB AAAAA AAAAA AAAAA AAAAA AAAAA AAAAA,Plate 1,ROW 24,Row 24; Column 1-48
D2,oli010109,TTGCT AGGAC CGGCC TTAAA GC CCTTG GCACC CGAGA ATTCC AGTTGGAAGATTTACGB AAAAA AAAAA AAAAA AAAAA AAAAA AAAAA,Plate 2,COLUMN 13,"Row 1-48, Column 13"
D4,oli010110,TTGCT AGGAC CGGCC TTAAA GC CCTTG GCACC CGAGA ATTCC AACCCTTCCAAATAATB AAAAA AAAAA AAAAA AAAAA AAAAA AAAAA,Plate 2,COLUMN 14,"Row 1-48, Column 14"
D6,oli010111,TTGCT AGGAC CGGCC TTAAA GC CCTTG GCACC CGAGA ATTCC AGGAACGACAGTGCATB AAAAA AAAAA AAAAA AAAAA AAAAA AAAAA,Plate 2,COLUMN 15,"Row 1-48, Column 15"
D8,oli010112,TTGCT AGGAC CGGCC TTAAA GC CCTTG GCACC CGAGA ATTCC ACTTTAAGGCGTGGAAB AAAAA AAAAA AAAAA AAAAA AAAAA AAAAA,Plate 2,COLUMN 16,"Row 1-48, Column 16"
D10,oli010113,TTGCT AGGAC CGGCC TTAAA GC CCTTG GCACC CGAGA ATTCC ATAGCCGATGGTATCGB AAAAA AAAAA AAAAA AAAAA AAAAA AAAAA,Plate 2,COLUMN 17,"Row 1-48, Column 17"
D12,oli010114,TTGCT AGGAC CGGCC TTAAA GC CCTTG GCACC CGAGA ATTCC ATGTAATTGCCATCAAB AAAAA AAAAA AAAAA AAAAA AAAAA AAAAA,Plate 2,COLUMN 18,"Row 1-48, Column 18"
D14,oli010115,TTGCT AGGAC CGGCC TTAAA GC CCTTG GCACC CGAGA ATTCC ATCAGCTATGGTATGTB AAAAA AAAAA AAAAA AAAAA AAAAA AAAAA,Plate 2,COLUMN 19,"Row 1-48, Column 19"
D16,oli010116,TTGCT AGGAC CGGCC TTAAA GC CCTTG GCACC CGAGA ATTCC AAGGCATGGTTGGATTB AAAAA AAAAA AAAAA AAAAA AAAAA AAAAA,Plate 2,COLUMN 20,"Row 1-48, Column 20"
D18,oli010117,TTGCT AGGAC CGGCC TTAAA GC CCTTG GCACC CGAGA ATTCC ACGGTCACAAGCGTCTB AAAAA AAAAA AAAAA AAAAA AAAAA AAAAA,Plate 2,COLUMN 21,"Row 1-48, Column 21"
D20,oli010118,TTGCT AGGAC CGGCC TTAAA GC CCTTG GCACC CGAGA ATTCC ACACACTTAGTTGGGCB AAAAA AAAAA AAAAA AAAAA AAAAA AAAAA,Plate 2,COLUMN 22,"Row 1-48, Column 22"
D22,oli010119,TTGCT AGGAC CGGCC TTAAA GC CCTTG GCACC CGAGA ATTCC ATATCTGGGAAACCGCB AAAAA AAAAA AAAAA AAAAA AAAAA AAAAA,Plate 2,COLUMN 23,"Row 1-48, Column 23"
D24,oli010120,TTGCT AGGAC CGGCC TTAAA GC CCTTG GCACC CGAGA ATTCC ATTCTTCGTTAGGAAAB AAAAA AAAAA AAAAA AAAAA AAAAA AAAAA,Plate 2,COLUMN 24,"Row 1-48, Column 24"
E1,oli010025,TTGCT AGGAC CGGCC TTAAA GC CCTTG GCACC CGAGA ATTCC ACACAGGACGGCCATTB AAAAA AAAAA AAAAA AAAAA AAAAA AAAAA,Plate 1,ROW 25,Row 25; Column 1-48
E3,oli010026,TTGCT AGGAC CGGCC TTAAA GC CCTTG GCACC CGAGA ATTCC AACATGGATCCTCTACB AAAAA AAAAA AAAAA AAAAA AAAAA AAAAA,Plate 1,ROW 26,Row 26; Column 1-48
E5,oli010027,TTGCT AGGAC CGGCC TTAAA GC CCTTG GCACC CGAGA ATTCC ATTCCCTCGGTTTCTAB AAAAA AAAAA AAAAA AAAAA AAAAA AAAAA,Plate 1,ROW 27,Row 27; Column 1-48
E7,oli010028,TTGCT AGGAC CGGCC TTAAA GC CCTTG GCACC CGAGA ATTCC AATTAACAATCGCCGGB AAAAA AAAAA AAAAA AAAAA AAAAA AAAAA,Plate 1,ROW 28,Row 28; Column 1-48
E9,oli010029,TTGCT AGGAC CGGCC TTAAA GC CCTTG GCACC CGAGA ATTCC ATTGTAGTCGCAGTCCB AAAAA AAAAA AAAAA AAAAA AAAAA AAAAA,Plate 1,ROW 29,Row 29; Column 1-48
E11,oli010030,TTGCT AGGAC CGGCC TTAAA GC CCTTG GCACC CGAGA ATTCC AGTAGGCACGAGACCCB AAAAA AAAAA AAAAA AAAAA AAAAA AAAAA,Plate 1,ROW 30,Row 30; Column 1-48
E13,oli010031,TTGCT AGGAC CGGCC TTAAA GC CCTTG GCACC CGAGA ATTCC AACTTACCATCGGAATB AAAAA AAAAA AAAAA AAAAA AAAAA AAAAA,Plate 1,ROW 31,Row 31; Column 1-48
E15,oli010032,TTGCT AGGAC CGGCC TTAAA GC CCTTG GCACC CGAGA ATTCC ACGGTGTCATGACTGAB AAAAA AAAAA AAAAA AAAAA AAAAA AAAAA,Plate 1,ROW 32,Row 32; Column 1-48
E17,oli010033,TTGCT AGGAC CGGCC TTAAA GC CCTTG GCACC CGAGA ATTCC ACCCGTTAGCTTAGATB AAAAA AAAAA AAAAA AAAAA AAAAA AAAAA,Plate 1,ROW 33,Row 33; Column 1-48
E19,oli010034,TTGCT AGGAC CGGCC TTAAA GC CCTTG GCACC CGAGA ATTCC ACAGTAACCGAAGTCAB AAAAA AAAAA AAAAA AAAAA AAAAA AAAAA,Plate 1,ROW 34,Row 34; Column 1-48
E21,oli010035,TTGCT AGGAC CGGCC TTAAA GC CCTTG GCACC CGAGA ATTCC ACGTTGTGCTACACCCB AAAAA AAAAA AAAAA AAAAA AAAAA AAAAA,Plate 1,ROW 35,Row 35; Column 1-48
E23,oli010036,TTGCT AGGAC CGGCC TTAAA GC CCTTG GCACC CGAGA ATTCC AGCCTGGAATTGTGTTB AAAAA AAAAA AAAAA AAAAA AAAAA AAAAA,Plate 1,ROW 36,Row 36; Column 1-48
F2,oli010121,TTGCT AGGAC CGGCC TTAAA GC CCTTG GCACC CGAGA ATTCC AACTATACATCTGTAGB AAAAA AAAAA AAAAA AAAAA AAAAA AAAAA,Plate 2,COLUMN 25,"Row 1-48, Column 25"
F4,oli010122,TTGCT AGGAC CGGCC TTAAA GC CCTTG GCACC CGAGA ATTCC ACACTAACACCTGCTTB AAAAA AAAAA AAAAA AAAAA AAAAA AAAAA,Plate 2,COLUMN 26,"Row 1-48, Column 26"
F6,oli010123,TTGCT AGGAC CGGCC TTAAA GC CCTTG GCACC CGAGA ATTCC AGTTCGATTTATGAACB AAAAA AAAAA AAAAA AAAAA AAAAA AAAAA,Plate 2,COLUMN 27,"Row 1-48, Column 27"
F8,oli010124,TTGCT AGGAC CGGCC TTAAA GC CCTTG GCACC CGAGA ATTCC ACAACATGAATAGCCGB AAAAA AAAAA AAAAA AAAAA AAAAA AAAAA,Plate 2,COLUMN 28,"Row 1-48, Column 28"
F10,oli010125,TTGCT AGGAC CGGCC TTAAA GC CCTTG GCACC CGAGA ATTCC AGAGCCTCCAATCTGTB AAAAA AAAAA AAAAA AAAAA AAAAA AAAAA,Plate 2,COLUMN 29,"Row 1-48, Column 29"
F12,oli010126,TTGCT AGGAC CGGCC TTAAA GC CCTTG GCACC CGAGA ATTCC ACGCCGAGGCATGTAGB AAAAA AAAAA AAAAA AAAAA AAAAA AAAAA,Plate 2,COLUMN 30,"Row 1-48, Column 30"
F14,oli010127,TTGCT AGGAC CGGCC TTAAA GC CCTTG GCACC CGAGA ATTCC AGCTATTCCTAAGCACB AAAAA AAAAA AAAAA AAAAA AAAAA AAAAA,Plate 2,COLUMN 31,"Row 1-48, Column 31"
F16,oli010128,TTGCT AGGAC CGGCC TTAAA GC CCTTG GCACC CGAGA ATTCC AACAATCCTATACACGB AAAAA AAAAA AAAAA AAAAA AAAAA AAAAA,Plate 2,COLUMN 32,"Row 1-48, Column 32"
F18,oli010129,TTGCT AGGAC CGGCC TTAAA GC CCTTG GCACC CGAGA ATTCC ACAATTCGGGTCGACAB AAAAA AAAAA AAAAA AAAAA AAAAA AAAAA,Plate 2,COLUMN 33,"Row 1-48, Column 33"
F20,oli010130,TTGCT AGGAC CGGCC TTAAA GC CCTTG GCACC CGAGA ATTCC ACCGTGGTTCAGCTTCB AAAAA AAAAA AAAAA AAAAA AAAAA AAAAA,Plate 2,COLUMN 34,"Row 1-48, Column 34"
F22,oli010131,TTGCT AGGAC CGGCC TTAAA GC CCTTG GCACC CGAGA ATTCC AAAACTCCAATGGATTB AAAAA AAAAA AAAAA AAAAA AAAAA AAAAA,Plate 2,COLUMN 35,"Row 1-48, Column 35"
F24,oli010132,TTGCT AGGAC CGGCC TTAAA GC CCTTG GCACC CGAGA ATTCC AGTCCGCAAACGCGTGB AAAAA AAAAA AAAAA AAAAA AAAAA AAAAA,Plate 2,COLUMN 36,"Row 1-48, Column 36"
G1,oli010037,TTGCT AGGAC CGGCC TTAAA GC CCTTG GCACC CGAGA ATTCC AGGCCATGCCCTCATCB AAAAA AAAAA AAAAA AAAAA AAAAA AAAAA,Plate 1,ROW 37,Row 37; Column 1-48
G3,oli010038,TTGCT AGGAC CGGCC TTAAA GC CCTTG GCACC CGAGA ATTCC AGGGTGTTCCCTTCAAB AAAAA AAAAA AAAAA AAAAA AAAAA AAAAA,Plate 1,ROW 38,Row 38; Column 1-48
G5,oli010039,TTGCT AGGAC CGGCC TTAAA GC CCTTG GCACC CGAGA ATTCC AGTGTACCAGAAATAAB AAAAA AAAAA AAAAA AAAAA AAAAA AAAAA,Plate 1,ROW 39,Row 39; Column 1-48
G7,oli010040,TTGCT AGGAC CGGCC TTAAA GC CCTTG GCACC CGAGA ATTCC ACGTCCAGCACAGCATB AAAAA AAAAA AAAAA AAAAA AAAAA AAAAA,Plate 1,ROW 40,Row 40; Column 1-48
G9,oli010041,TTGCT AGGAC CGGCC TTAAA GC CCTTG GCACC CGAGA ATTCC AAACGTCCCATGTTTGB AAAAA AAAAA AAAAA AAAAA AAAAA AAAAA,Plate 1,ROW 41,Row 41; Column 1-48
G11,oli010042,TTGCT AGGAC CGGCC TTAAA GC CCTTG GCACC CGAGA ATTCC ATAGTGAGTACACGGCB AAAAA AAAAA AAAAA AAAAA AAAAA AAAAA,Plate 1,ROW 42,Row 42; Column 1-48
G13,oli010043,TTGCT AGGAC CGGCC TTAAA GC CCTTG GCACC CGAGA ATTCC ATCACGGTAGGATTGCB AAAAA AAAAA AAAAA AAAAA AAAAA AAAAA,Plate 1,ROW 43,Row 43; Column 1-48
G15,oli010044,TTGCT AGGAC CGGCC TTAAA GC CCTTG GCACC CGAGA ATTCC AGTAAACATGAGAGGGB AAAAA AAAAA AAAAA AAAAA AAAAA AAAAA,Plate 1,ROW 44,Row 44; Column 1-48
G17,oli010045,TTGCT AGGAC CGGCC TTAAA GC CCTTG GCACC CGAGA ATTCC AACATCTATGTCCACTB AAAAA AAAAA AAAAA AAAAA AAAAA AAAAA,Plate 1,ROW 45,Row 45; Column 1-48
G19,oli010046,TTGCT AGGAC CGGCC TTAAA GC CCTTG GCACC CGAGA ATTCC AGGCATTTATGTCCCAB AAAAA AAAAA AAAAA AAAAA AAAAA AAAAA,Plate 1,ROW 46,Row 46; Column 1-48
G21,oli010047,TTGCT AGGAC CGGCC TTAAA GC CCTTG GCACC CGAGA ATTCC ACGCGGTGCCTTTGCTB AAAAA AAAAA AAAAA AAAAA AAAAA AAAAA,Plate 1,ROW 47,Row 47; Column 1-48
G23,oli010048,TTGCT AGGAC CGGCC TTAAA GC CCTTG GCACC CGAGA ATTCC ACCAAGATGTCGCCGGB AAAAA AAAAA AAAAA AAAAA AAAAA AAAAA,Plate 1,ROW 48,Row 48; Column 1-48
H2,oli010133,TTGCT AGGAC CGGCC TTAAA GC CCTTG GCACC CGAGA ATTCC ACGAGACACGCGCTCAB AAAAA AAAAA AAAAA AAAAA AAAAA AAAAA,Plate 2,COLUMN 37,"Row 1-48, Column 37"
H4,oli010134,TTGCT AGGAC CGGCC TTAAA GC CCTTG GCACC CGAGA ATTCC ACCCTGGGCACACCTTB AAAAA AAAAA AAAAA AAAAA AAAAA AAAAA,Plate 2,COLUMN 38,"Row 1-48, Column 38"
H6,oli010135,TTGCT AGGAC CGGCC TTAAA GC CCTTG GCACC CGAGA ATTCC ATCATCTCGCGGTGCAB AAAAA AAAAA AAAAA AAAAA AAAAA AAAAA,Plate 2,COLUMN 39,"Row 1-48, Column 39"
H8,oli010136,TTGCT AGGAC CGGCC TTAAA GC CCTTG GCACC CGAGA ATTCC AGGTTGACTCGTTCATB AAAAA AAAAA AAAAA AAAAA AAAAA AAAAA,Plate 2,COLUMN 40,"Row 1-48, Column 40"
H10,oli010137,TTGCT AGGAC CGGCC TTAAA GC CCTTG GCACC CGAGA ATTCC ACTCTATGTGGTCATCB AAAAA AAAAA AAAAA AAAAA AAAAA AAAAA,Plate 2,COLUMN 41,"Row 1-48, Column 41"
H12,oli010138,TTGCT AGGAC CGGCC TTAAA GC CCTTG GCACC CGAGA ATTCC ACCTTGGAGGTTCTTTB AAAAA AAAAA AAAAA AAAAA AAAAA AAAAA,Plate 2,COLUMN 42,"Row 1-48, Column 42"
H14,oli010139,TTGCT AGGAC CGGCC TTAAA GC CCTTG GCACC CGAGA ATTCC AGATAAATAACACACCB AAAAA AAAAA AAAAA AAAAA AAAAA AAAAA,Plate 2,COLUMN 43,"Row 1-48, Column 43"
H16,oli010140,TTGCT AGGAC CGGCC TTAAA GC CCTTG GCACC CGAGA ATTCC AATCTCAATCCCTTTAB AAAAA AAAAA AAAAA AAAAA AAAAA AAAAA,Plate 2,COLUMN 44,"Row 1-48, Column 44"
H18,oli010141,TTGCT AGGAC CGGCC TTAAA GC CCTTG GCACC CGAGA ATTCC ATGTAGTTTGATGAGCB AAAAA AAAAA AAAAA AAAAA AAAAA AAAAA,Plate 2,COLUMN 45,"Row 1-48, Column 45"
H20,oli010142,TTGCT AGGAC CGGCC TTAAA GC CCTTG GCACC CGAGA ATTCC AAACACCAGGTCTCAAB AAAAA AAAAA AAAAA AAAAA AAAAA AAAAA,Plate 2,COLUMN 46,"Row 1-48, Column 46"
H22,oli010143,TTGCT AGGAC CGGCC TTAAA GC CCTTG GCACC CGAGA ATTCC AGAAGAATGTTGTCCCB AAAAA AAAAA AAAAA AAAAA AAAAA AAAAA,Plate 2,COLUMN 47,"Row 1-48, Column 47"
H24,oli010144,TTGCT AGGAC CGGCC TTAAA GC CCTTG GCACC CGAGA ATTCC AAACTGCTTACGCTTTB AAAAA AAAAA AAAAA AAAAA AAAAA AAAAA,Plate 2,COLUMN 48,"Row 1-48, Column 48"
,,,,,
,,,,,
I1,oli010049,TTGCT AGGAC CGGCC TTAAA GC CCTTG GCACC CGAGA ATTCC AGATACGCGAAGAAATB AAAAA AAAAA AAAAA AAAAA AAAAA AAAAA,Plate 1,COLUMN 48,"Row 1-48, Column 48"
I3,oli010050,TTGCT AGGAC CGGCC TTAAA GC CCTTG GCACC CGAGA ATTCC ACGTCTGAGCCTAGCGB AAAAA AAAAA AAAAA AAAAA AAAAA AAAAA,Plate 1,COLUMN 47,"Row 1-48, Column 47"
I5,oli010051,TTGCT AGGAC CGGCC TTAAA GC CCTTG GCACC CGAGA ATTCC AACTCCTAACGACAATB AAAAA AAAAA AAAAA AAAAA AAAAA AAAAA,Plate 1,COLUMN 46,"Row 1-48, Column 46"
I7,oli010052,TTGCT AGGAC CGGCC TTAAA GC CCTTG GCACC CGAGA ATTCC AGAGTCTGTGAAGGATB AAAAA AAAAA AAAAA AAAAA AAAAA AAAAA,Plate 1,COLUMN 45,"Row 1-48, Column 45"
I9,oli010053,TTGCT AGGAC CGGCC TTAAA GC CCTTG GCACC CGAGA ATTCC ATTTATGCGGGTTTCTB AAAAA AAAAA AAAAA AAAAA AAAAA AAAAA,Plate 1,COLUMN 44,"Row 1-48, Column 44"
I11,oli010054,TTGCT AGGAC CGGCC TTAAA GC CCTTG GCACC CGAGA ATTCC AGTCCAGCGCTTGTCGB AAAAA AAAAA AAAAA AAAAA AAAAA AAAAA,Plate 1,COLUMN 43,"Row 1-48, Column 43"
I13,oli010055,TTGCT AGGAC CGGCC TTAAA GC CCTTG GCACC CGAGA ATTCC ACGCTGTACTTCGTATB AAAAA AAAAA AAAAA AAAAA AAAAA AAAAA,Plate 1,COLUMN 42,"Row 1-48, Column 42"
I15,oli010056,TTGCT AGGAC CGGCC TTAAA GC CCTTG GCACC CGAGA ATTCC AAGATGAAGCCGTGAGB AAAAA AAAAA AAAAA AAAAA AAAAA AAAAA,Plate 1,COLUMN 41,"Row 1-48, Column 41"
I17,oli010057,TTGCT AGGAC CGGCC TTAAA GC CCTTG GCACC CGAGA ATTCC AATCCTCACTAGTGTGB AAAAA AAAAA AAAAA AAAAA AAAAA AAAAA,Plate 1,COLUMN 40,"Row 1-48, Column 40"
I19,oli010058,TTGCT AGGAC CGGCC TTAAA GC CCTTG GCACC CGAGA ATTCC ATCCCGGACATCAGGGB AAAAA AAAAA AAAAA AAAAA AAAAA AAAAA,Plate 1,COLUMN 39,"Row 1-48, Column 39"
I21,oli010059,TTGCT AGGAC CGGCC TTAAA GC CCTTG GCACC CGAGA ATTCC ATGCGGTAGACGAAATB AAAAA AAAAA AAAAA AAAAA AAAAA AAAAA,Plate 1,COLUMN 38,"Row 1-48, Column 38"
I23,oli010060,TTGCT AGGAC CGGCC TTAAA GC CCTTG GCACC CGAGA ATTCC ACAAACGGGTAATACGB AAAAA AAAAA AAAAA AAAAA AAAAA AAAAA,Plate 1,COLUMN 37,"Row 1-48, Column 37"
J2,oli010145,TTGCT AGGAC CGGCC TTAAA GC CCTTG GCACC CGAGA ATTCC ATCTGGTCGAACCTAAB AAAAA AAAAA AAAAA AAAAA AAAAA AAAAA,Plate 2,ROW 48,Row 48; Column 1-48
J4,oli010146,TTGCT AGGAC CGGCC TTAAA GC CCTTG GCACC CGAGA ATTCC ATAGACTGTCCTTACGB AAAAA AAAAA AAAAA AAAAA AAAAA AAAAA,Plate 2,ROW 47,Row 47; Column 1-48
J6,oli010147,TTGCT AGGAC CGGCC TTAAA GC CCTTG GCACC CGAGA ATTCC AGCCATCTCTCGCCAGB AAAAA AAAAA AAAAA AAAAA AAAAA AAAAA,Plate 2,ROW 46,Row 46; Column 1-48
J8,oli010148,TTGCT AGGAC CGGCC TTAAA GC CCTTG GCACC CGAGA ATTCC ATGGGAGCGCGAGAAAB AAAAA AAAAA AAAAA AAAAA AAAAA AAAAA,Plate 2,ROW 45,Row 45; Column 1-48
J10,oli010149,TTGCT AGGAC CGGCC TTAAA GC CCTTG GCACC CGAGA ATTCC ACCCTTCGTAGGGCGTB AAAAA AAAAA AAAAA AAAAA AAAAA AAAAA,Plate 2,ROW 44,Row 44; Column 1-48
J12,oli010150,TTGCT AGGAC CGGCC TTAAA GC CCTTG GCACC CGAGA ATTCC AGCCTGCCCTTCTCCTB AAAAA AAAAA AAAAA AAAAA AAAAA AAAAA,Plate 2,ROW 43,Row 43; Column 1-48
J14,oli010151,TTGCT AGGAC CGGCC TTAAA GC CCTTG GCACC CGAGA ATTCC ATGGAACAACGCTTAGB AAAAA AAAAA AAAAA AAAAA AAAAA AAAAA,Plate 2,ROW 42,Row 42; Column 1-48
J16,oli010152,TTGCT AGGAC CGGCC TTAAA GC CCTTG GCACC CGAGA ATTCC AAGGAATCCGACACACB AAAAA AAAAA AAAAA AAAAA AAAAA AAAAA,Plate 2,ROW 41,Row 41; Column 1-48
J18,oli010153,TTGCT AGGAC CGGCC TTAAA GC CCTTG GCACC CGAGA ATTCC ATTCAGGACGTTACGTB AAAAA AAAAA AAAAA AAAAA AAAAA AAAAA,Plate 2,ROW 40,Row 40; Column 1-48
J20,oli010154,TTGCT AGGAC CGGCC TTAAA GC CCTTG GCACC CGAGA ATTCC AACCATTAATTCTGCTB AAAAA AAAAA AAAAA AAAAA AAAAA AAAAA,Plate 2,ROW 39,Row 39; Column 1-48
J22,oli010155,TTGCT AGGAC CGGCC TTAAA GC CCTTG GCACC CGAGA ATTCC AGCGTAGCACGGTAGCB AAAAA AAAAA AAAAA AAAAA AAAAA AAAAA,Plate 2,ROW 38,Row 38; Column 1-48
J24,oli010156,TTGCT AGGAC CGGCC TTAAA GC CCTTG GCACC CGAGA ATTCC ATGGAAAGGGCCAACTB AAAAA AAAAA AAAAA AAAAA AAAAA AAAAA,Plate 2,ROW 37,Row 37; Column 1-48
K1,oli010061,TTGCT AGGAC CGGCC TTAAA GC CCTTG GCACC CGAGA ATTCC AGGCAACCATACCAACB AAAAA AAAAA AAAAA AAAAA AAAAA AAAAA,Plate 1,COLUMN 36,"Row 1-48, Column 36"
K3,oli010062,TTGCT AGGAC CGGCC TTAAA GC CCTTG GCACC CGAGA ATTCC AAATTTGACAGACAGCB AAAAA AAAAA AAAAA AAAAA AAAAA AAAAA,Plate 1,COLUMN 35,"Row 1-48, Column 35"
K5,oli010063,TTGCT AGGAC CGGCC TTAAA GC CCTTG GCACC CGAGA ATTCC ATTCGTCGGGACGCCTB AAAAA AAAAA AAAAA AAAAA AAAAA AAAAA,Plate 1,COLUMN 34,"Row 1-48, Column 34"
K7,oli010064,TTGCT AGGAC CGGCC TTAAA GC CCTTG GCACC CGAGA ATTCC AGTGCACTTGCAGGTAB AAAAA AAAAA AAAAA AAAAA AAAAA AAAAA,Plate 1,COLUMN 33,"Row 1-48, Column 33"
K9,oli010065,TTGCT AGGAC CGGCC TTAAA GC CCTTG GCACC CGAGA ATTCC AGAAGACCATGGGATGB AAAAA AAAAA AAAAA AAAAA AAAAA AAAAA,Plate 1,COLUMN 32,"Row 1-48, Column 32"
K11,oli010066,TTGCT AGGAC CGGCC TTAAA GC CCTTG GCACC CGAGA ATTCC AGCATCGCTGTCGAGGB AAAAA AAAAA AAAAA AAAAA AAAAA AAAAA,Plate 1,COLUMN 31,"Row 1-48, Column 31"
K13,oli010067,TTGCT AGGAC CGGCC TTAAA GC CCTTG GCACC CGAGA ATTCC ACAGGTGGGCTTCTATB AAAAA AAAAA AAAAA AAAAA AAAAA AAAAA,Plate 1,COLUMN 30,"Row 1-48, Column 30"
K15,oli010068,TTGCT AGGAC CGGCC TTAAA GC CCTTG GCACC CGAGA ATTCC ATTTCGTGTTTGACACB AAAAA AAAAA AAAAA AAAAA AAAAA AAAAA,Plate 1,COLUMN 29,"Row 1-48, Column 29"
K17,oli010069,TTGCT AGGAC CGGCC TTAAA GC CCTTG GCACC CGAGA ATTCC AGTTTCGTCAGAGGCAB AAAAA AAAAA AAAAA AAAAA AAAAA AAAAA,Plate 1,COLUMN 28,"Row 1-48, Column 28"
K19,oli010070,TTGCT AGGAC CGGCC TTAAA GC CCTTG GCACC CGAGA ATTCC AGGGCGGACTACTACTB AAAAA AAAAA AAAAA AAAAA AAAAA AAAAA,Plate 1,COLUMN 27,"Row 1-48, Column 27"
K21,oli010071,TTGCT AGGAC CGGCC TTAAA GC CCTTG GCACC CGAGA ATTCC ATTTAGCTAGGTGCCCB AAAAA AAAAA AAAAA AAAAA AAAAA AAAAA,Plate 1,COLUMN 26,"Row 1-48, Column 26"
K23,oli010072,TTGCT AGGAC CGGCC TTAAA GC CCTTG GCACC CGAGA ATTCC AAGTCACCGAGCTGGAB AAAAA AAAAA AAAAA AAAAA AAAAA AAAAA,Plate 1,COLUMN 25,"Row 1-48, Column 25"
L2,oli010157,TTGCT AGGAC CGGCC TTAAA GC CCTTG GCACC CGAGA ATTCC ATACTAAAGTTGCGAGB AAAAA AAAAA AAAAA AAAAA AAAAA AAAAA,Plate 2,ROW 36,Row 36; Column 1-48
L4,oli010158,TTGCT AGGAC CGGCC TTAAA GC CCTTG GCACC CGAGA ATTCC AAACTCCCATACAGCTB AAAAA AAAAA AAAAA AAAAA AAAAA AAAAA,Plate 2,ROW 35,Row 35; Column 1-48
L6,oli010159,TTGCT AGGAC CGGCC TTAAA GC CCTTG GCACC CGAGA ATTCC AGACATGCCCATTGGTB AAAAA AAAAA AAAAA AAAAA AAAAA AAAAA,Plate 2,ROW 34,Row 34; Column 1-48
L8,oli010160,TTGCT AGGAC CGGCC TTAAA GC CCTTG GCACC CGAGA ATTCC ACAATTGCATCTGACTB AAAAA AAAAA AAAAA AAAAA AAAAA AAAAA,Plate 2,ROW 33,Row 33; Column 1-48
L10,oli010161,TTGCT AGGAC CGGCC TTAAA GC CCTTG GCACC CGAGA ATTCC AACAGTCAAAGCGGGTB AAAAA AAAAA AAAAA AAAAA AAAAA AAAAA,Plate 2,ROW 32,Row 32; Column 1-48
L12,oli010162,TTGCT AGGAC CGGCC TTAAA GC CCTTG GCACC CGAGA ATTCC ATTATCAGGACTTCCAB AAAAA AAAAA AAAAA AAAAA AAAAA AAAAA,Plate 2,ROW 31,Row 31; Column 1-48
L14,oli010163,TTGCT AGGAC CGGCC TTAAA GC CCTTG GCACC CGAGA ATTCC AATGGACAAGGCCTCCB AAAAA AAAAA AAAAA AAAAA AAAAA AAAAA,Plate 2,ROW 30,Row 30; Column 1-48
L16,oli010164,TTGCT AGGAC CGGCC TTAAA GC CCTTG GCACC CGAGA ATTCC AGTGTCGGCACTGGTGB AAAAA AAAAA AAAAA AAAAA AAAAA AAAAA,Plate 2,ROW 29,Row 29; Column 1-48
L18,oli010165,TTGCT AGGAC CGGCC TTAAA GC CCTTG GCACC CGAGA ATTCC ACACTGTGGGTCACCCB AAAAA AAAAA AAAAA AAAAA AAAAA AAAAA,Plate 2,ROW 28,Row 28; Column 1-48
L20,oli010166,TTGCT AGGAC CGGCC TTAAA GC CCTTG GCACC CGAGA ATTCC AGTGGTCCGAACAATTB AAAAA AAAAA AAAAA AAAAA AAAAA AAAAA,Plate 2,ROW 27,Row 27; Column 1-48
L22,oli010167,TTGCT AGGAC CGGCC TTAAA GC CCTTG GCACC CGAGA ATTCC AACATCTAGAACCGGAB AAAAA AAAAA AAAAA AAAAA AAAAA AAAAA,Plate 2,ROW 26,Row 26; Column 1-48
L24,oli010168,TTGCT AGGAC CGGCC TTAAA GC CCTTG GCACC CGAGA ATTCC AAGGGATACATAACCTB AAAAA AAAAA AAAAA AAAAA AAAAA AAAAA,Plate 2,ROW 25,Row 25; Column 1-48
M1,oli010073,TTGCT AGGAC CGGCC TTAAA GC CCTTG GCACC CGAGA ATTCC ATTAAGCTTCCCGCTTB AAAAA AAAAA AAAAA AAAAA AAAAA AAAAA,Plate 1,COLUMN 24,"Row 1-48, Column 24"
M3,oli010074,TTGCT AGGAC CGGCC TTAAA GC CCTTG GCACC CGAGA ATTCC AATGTGTTCGGGCGGGB AAAAA AAAAA AAAAA AAAAA AAAAA AAAAA,Plate 1,COLUMN 23,"Row 1-48, Column 23"
M5,oli010075,TTGCT AGGAC CGGCC TTAAA GC CCTTG GCACC CGAGA ATTCC ACGATCGCGATCTGAGB AAAAA AAAAA AAAAA AAAAA AAAAA AAAAA,Plate 1,COLUMN 22,"Row 1-48, Column 22"
M7,oli010076,TTGCT AGGAC CGGCC TTAAA GC CCTTG GCACC CGAGA ATTCC AAGGTCACGCGGCACAB AAAAA AAAAA AAAAA AAAAA AAAAA AAAAA,Plate 1,COLUMN 21,"Row 1-48, Column 21"
M9,oli010077,TTGCT AGGAC CGGCC TTAAA GC CCTTG GCACC CGAGA ATTCC ATCGACCTTCGGCAGAB AAAAA AAAAA AAAAA AAAAA AAAAA AAAAA,Plate 1,COLUMN 20,"Row 1-48, Column 20"
M11,oli010078,TTGCT AGGAC CGGCC TTAAA GC CCTTG GCACC CGAGA ATTCC AATCGCTTGCGGTGAGB AAAAA AAAAA AAAAA AAAAA AAAAA AAAAA,Plate 1,COLUMN 19,"Row 1-48, Column 19"
M13,oli010079,TTGCT AGGAC CGGCC TTAAA GC CCTTG GCACC CGAGA ATTCC AGTCATGCGTAGCCAAB AAAAA AAAAA AAAAA AAAAA AAAAA AAAAA,Plate 1,COLUMN 18,"Row 1-48, Column 18"
M15,oli010080,TTGCT AGGAC CGGCC TTAAA GC CCTTG GCACC CGAGA ATTCC ATAGGAGGATCCATTAB AAAAA AAAAA AAAAA AAAAA AAAAA AAAAA,Plate 1,COLUMN 17,"Row 1-48, Column 17"
M17,oli010081,TTGCT AGGAC CGGCC TTAAA GC CCTTG GCACC CGAGA ATTCC ATGGTGTTACGCACAGB AAAAA AAAAA AAAAA AAAAA AAAAA AAAAA,Plate 1,COLUMN 16,"Row 1-48, Column 16"
M19,oli010082,TTGCT AGGAC CGGCC TTAAA GC CCTTG GCACC CGAGA ATTCC ACGTGTTCAGCCCAACB AAAAA AAAAA AAAAA AAAAA AAAAA AAAAA,Plate 1,COLUMN 15,"Row 1-48, Column 15"
M21,oli010083,TTGCT AGGAC CGGCC TTAAA GC CCTTG GCACC CGAGA ATTCC AGCTAAGCCTTACAACB AAAAA AAAAA AAAAA AAAAA AAAAA AAAAA,Plate 1,COLUMN 14,"Row 1-48, Column 14"
M23,oli010084,TTGCT AGGAC CGGCC TTAAA GC CCTTG GCACC CGAGA ATTCC ACTTTGCGCGAACCGCB AAAAA AAAAA AAAAA AAAAA AAAAA AAAAA,Plate 1,COLUMN 13,"Row 1-48, Column 13"
N2,oli010169,TTGCT AGGAC CGGCC TTAAA GC CCTTG GCACC CGAGA ATTCC ACCCAATGGAAGCTTGB AAAAA AAAAA AAAAA AAAAA AAAAA AAAAA,Plate 2,ROW 24,Row 24; Column 1-48
N4,oli010170,TTGCT AGGAC CGGCC TTAAA GC CCTTG GCACC CGAGA ATTCC AGGATTGGTCTCCCGAB AAAAA AAAAA AAAAA AAAAA AAAAA AAAAA,Plate 2,ROW 23,Row 23; Column 1-48
N6,oli010171,TTGCT AGGAC CGGCC TTAAA GC CCTTG GCACC CGAGA ATTCC ACGGTACTCATGCCACB AAAAA AAAAA AAAAA AAAAA AAAAA AAAAA,Plate 2,ROW 22,Row 22; Column 1-48
N8,oli010172,TTGCT AGGAC CGGCC TTAAA GC CCTTG GCACC CGAGA ATTCC AAGTCGCAACTGCCCAB AAAAA AAAAA AAAAA AAAAA AAAAA AAAAA,Plate 2,ROW 21,Row 21; Column 1-48
N10,oli010173,TTGCT AGGAC CGGCC TTAAA GC CCTTG GCACC CGAGA ATTCC AGGGCCCGTGATCTAGB AAAAA AAAAA AAAAA AAAAA AAAAA AAAAA,Plate 2,ROW 20,Row 20; Column 1-48
N12,oli010174,TTGCT AGGAC CGGCC TTAAA GC CCTTG GCACC CGAGA ATTCC ATACACAAGTTAGGCCB AAAAA AAAAA AAAAA AAAAA AAAAA AAAAA,Plate 2,ROW 19,Row 19; Column 1-48
N14,oli010175,TTGCT AGGAC CGGCC TTAAA GC CCTTG GCACC CGAGA ATTCC ACCACGCCCTGACTAAB AAAAA AAAAA AAAAA AAAAA AAAAA AAAAA,Plate 2,ROW 18,Row 18; Column 1-48
N16,oli010176,TTGCT AGGAC CGGCC TTAAA GC CCTTG GCACC CGAGA ATTCC AGCAGAGCGGTAGACGB AAAAA AAAAA AAAAA AAAAA AAAAA AAAAA,Plate 2,ROW 17,Row 17; Column 1-48
N18,oli010177,TTGCT AGGAC CGGCC TTAAA GC CCTTG GCACC CGAGA ATTCC AAGCCTGTCTGTCGGTB AAAAA AAAAA AAAAA AAAAA AAAAA AAAAA,Plate 2,ROW 16,Row 16; Column 1-48
N20,oli010178,TTGCT AGGAC CGGCC TTAAA GC CCTTG GCACC CGAGA ATTCC ATTGCGTAGGGTCTCAB AAAAA AAAAA AAAAA AAAAA AAAAA AAAAA,Plate 2,ROW 15,Row 15; Column 1-48
N22,oli010179,TTGCT AGGAC CGGCC TTAAA GC CCTTG GCACC CGAGA ATTCC AACACATGTAAAGAGCB AAAAA AAAAA AAAAA AAAAA AAAAA AAAAA,Plate 2,ROW 14,Row 14; Column 1-48
N24,oli010180,TTGCT AGGAC CGGCC TTAAA GC CCTTG GCACC CGAGA ATTCC ATTGCACAAATGCGAAB AAAAA AAAAA AAAAA AAAAA AAAAA AAAAA,Plate 2,ROW 13,Row 13; Column 1-48
O1,oli010085,TTGCT AGGAC CGGCC TTAAA GC CCTTG GCACC CGAGA ATTCC ACCTTATACTTATGGGB AAAAA AAAAA AAAAA AAAAA AAAAA AAAAA,Plate 1,COLUMN 12,"Row 1-48, Column 12"
O3,oli010086,TTGCT AGGAC CGGCC TTAAA GC CCTTG GCACC CGAGA ATTCC AGAAACGTGGAAACGTB AAAAA AAAAA AAAAA AAAAA AAAAA AAAAA,Plate 1,COLUMN 11,"Row 1-48, Column 11"
O5,oli010087,TTGCT AGGAC CGGCC TTAAA GC CCTTG GCACC CGAGA ATTCC AATTGTGGTGTCGAAAB AAAAA AAAAA AAAAA AAAAA AAAAA AAAAA,Plate 1,COLUMN 10,"Row 1-48, Column 10"
O7,oli010088,TTGCT AGGAC CGGCC TTAAA GC CCTTG GCACC CGAGA ATTCC AAAGAATCGACAACTAB AAAAA AAAAA AAAAA AAAAA AAAAA AAAAA,Plate 1,COLUMN 9,"Row 1-48, Column 9"
O9,oli010089,TTGCT AGGAC CGGCC TTAAA GC CCTTG GCACC CGAGA ATTCC ATCTTGTAGTCGCGAAB AAAAA AAAAA AAAAA AAAAA AAAAA AAAAA,Plate 1,COLUMN 8,"Row 1-48, Column 8"
O11,oli010090,TTGCT AGGAC CGGCC TTAAA GC CCTTG GCACC CGAGA ATTCC ACCTCTTCTTCCACCAB AAAAA AAAAA AAAAA AAAAA AAAAA AAAAA,Plate 1,COLUMN 7,"Row 1-48, Column 7"
O13,oli010091,TTGCT AGGAC CGGCC TTAAA GC CCTTG GCACC CGAGA ATTCC AGGAAGCTCGACGAGCB AAAAA AAAAA AAAAA AAAAA AAAAA AAAAA,Plate 1,COLUMN 6,"Row 1-48, Column 6"
O15,oli010092,TTGCT AGGAC CGGCC TTAAA GC CCTTG GCACC CGAGA ATTCC ATCCTGTCAGGTAATTB AAAAA AAAAA AAAAA AAAAA AAAAA AAAAA,Plate 1,COLUMN 5,"Row 1-48, Column 5"
O17,oli010093,TTGCT AGGAC CGGCC TTAAA GC CCTTG GCACC CGAGA ATTCC ATGCATAAACTGTCATB AAAAA AAAAA AAAAA AAAAA AAAAA AAAAA,Plate 1,COLUMN 4,"Row 1-48, Column 4"
O19,oli010094,TTGCT AGGAC CGGCC TTAAA GC CCTTG GCACC CGAGA ATTCC AAGCGAGACATATATCB AAAAA AAAAA AAAAA AAAAA AAAAA AAAAA,Plate 1,COLUMN 3,"Row 1-48, Column 3"
O21,oli010095,TTGCT AGGAC CGGCC TTAAA GC CCTTG GCACC CGAGA ATTCC ACTTTAAGGTTGTCTGB AAAAA AAAAA AAAAA AAAAA AAAAA AAAAA,Plate 1,COLUMN 2,"Row 1-48, Column 2"
O23,oli010096,TTGCT AGGAC CGGCC TTAAA GC CCTTG GCACC CGAGA ATTCC AAACATCATACCTCCGB AAAAA AAAAA AAAAA AAAAA AAAAA AAAAA,Plate 1,COLUMN 1,"Row 1-48, Column 1"
P2,oli010181,TTGCT AGGAC CGGCC TTAAA GC CCTTG GCACC CGAGA ATTCC ACTCTCACCCGCTGTGB AAAAA AAAAA AAAAA AAAAA AAAAA AAAAA,Plate 2,ROW 12,Row 12; Column 1-48
P4,oli010182,TTGCT AGGAC CGGCC TTAAA GC CCTTG GCACC CGAGA ATTCC ACGAAGGGTGGTGAGGB AAAAA AAAAA AAAAA AAAAA AAAAA AAAAA,Plate 2,ROW 11,Row 11; Column 1-48
P6,oli010183,TTGCT AGGAC CGGCC TTAAA GC CCTTG GCACC CGAGA ATTCC AGTAGTCGTGGGAAGGB AAAAA AAAAA AAAAA AAAAA AAAAA AAAAA,Plate 2,ROW 10,Row 10; Column 1-48
P8,oli010184,TTGCT AGGAC CGGCC TTAAA GC CCTTG GCACC CGAGA ATTCC ATCTCGATGTCATTTAB AAAAA AAAAA AAAAA AAAAA AAAAA AAAAA,Plate 2,ROW 9,Row 9; Column 1-48
P10,oli010185,TTGCT AGGAC CGGCC TTAAA GC CCTTG GCACC CGAGA ATTCC ATGTTAGGGCGGTAAGB AAAAA AAAAA AAAAA AAAAA AAAAA AAAAA,Plate 2,ROW 8,Row 8; Column 1-48
P12,oli010186,TTGCT AGGAC CGGCC TTAAA GC CCTTG GCACC CGAGA ATTCC ACCTCAAGCAGGTTAAB AAAAA AAAAA AAAAA AAAAA AAAAA AAAAA,Plate 2,ROW 7,Row 7; Column 1-48
P14,oli010187,TTGCT AGGAC CGGCC TTAAA GC CCTTG GCACC CGAGA ATTCC AACTGTATAATTGGACB AAAAA AAAAA AAAAA AAAAA AAAAA AAAAA,Plate 2,ROW 6,Row 6; Column 1-48
P16,oli010188,TTGCT AGGAC CGGCC TTAAA GC CCTTG GCACC CGAGA ATTCC ATATCGTCTCATCAGCB AAAAA AAAAA AAAAA AAAAA AAAAA AAAAA,Plate 2,ROW 5,Row 5; Column 1-48
P18,oli010189,TTGCT AGGAC CGGCC TTAAA GC CCTTG GCACC CGAGA ATTCC AGCACTAGTACGCCGCB AAAAA AAAAA AAAAA AAAAA AAAAA AAAAA,Plate 2,ROW 4,Row 4; Column 1-48
P20,oli010190,TTGCT AGGAC CGGCC TTAAA GC CCTTG GCACC CGAGA ATTCC AAGGGCGCCCTAATAAB AAAAA AAAAA AAAAA AAAAA AAAAA AAAAA,Plate 2,ROW 3,Row 3; Column 1-48
P22,oli010191,TTGCT AGGAC CGGCC TTAAA GC CCTTG GCACC CGAGA ATTCC ATTACCACACGAACGAB AAAAA AAAAA AAAAA AAAAA AAAAA AAAAA,Plate 2,ROW 2,Row 2; Column 1-48
P24,oli010192,TTGCT AGGAC CGGCC TTAAA GC CCTTG GCACC CGAGA ATTCC AGATAGATGATCCTTAB AAAAA AAAAA AAAAA AAAAA AAAAA AAAAA,Plate 2,ROW 1,Row 1; Column 1-48